29	130	LOTE 37,MZ 1, CLUSTER 2	166.5	1	1	1	1	1	1	3497	100	582250.5	1	1	187.165.201.111	187-165-201-111.static.axtel.net	50	2014-07-19	0	1970-01-01
30	132	TOTAL	225	1	1	1	1	1	1	2281	100	513225	1	1	189.236.11.251	dsl-189-236-11-251-dyn.prod-infinitum.com.mx	47	2014-07-24	47	2014-07-24
34	133	UNICA	408.15	1	1	1	1	1	1	800	100	326520	1	1	189.133.85.195	dsl-189-133-85-195-dyn.prod-infinitum.com.mx	41	2014-07-30	41	2014-08-04
36	138	TOTAL	0	1	1	1	1	1	0	0	100	0	1	1	189.133.89.211	dsl-189-133-89-211-dyn.prod-infinitum.com.mx	58	2014-08-01	0	1970-01-01
37	136	total	250	1	1	1	1	1	1	1221	100	305250	1	1	187.175.60.50	dsl-187-175-60-50-dyn.prod-infinitum.com.mx	46	2014-08-01	46	2014-08-01
38	137	UNICA	37	1	1	1	1	1	1	5344	100	197728	1	1	189.133.85.195	dsl-189-133-85-195-dyn.prod-infinitum.com.mx	41	2014-08-02	41	2014-08-02
40	142	Total	184	1	1	1	1	0.9	0.9	90	100	16560	1	1	187.175.57.92	dsl-187-175-57-92-dyn.prod-infinitum.com.mx	46	2014-08-04	46	2014-08-04
41	143	total	332	1	1	1	1	0.9	0.9	90	100	29880	1	1	187.175.57.92	dsl-187-175-57-92-dyn.prod-infinitum.com.mx	46	2014-08-04	0	1970-01-01
42	144	TOTAL	144	1	1	1	1	0.9	0.9	90	100	12960	1	1	187.175.57.92	dsl-187-175-57-92-dyn.prod-infinitum.com.mx	46	2014-08-04	0	1970-01-01
43	145	total	2541.53	0.7	0.85	1	1	0.85	0.51	50.58	100	128550.59	1	1	189.243.89.9	dsl-189-243-89-9-dyn.prod-infinitum.com.mx	46	2014-08-04	46	2014-08-04
44	146	total	4657.6	0.41	0.7	1	1	0.7	0.2	20.09	100	93571.18	1	1	189.243.89.9	dsl-189-243-89-9-dyn.prod-infinitum.com.mx	46	2014-08-04	46	2014-08-04
45	140	TOTAL	105	1	1	1	1	1	1	2617	100	274785	1	1	189.236.68.82	dsl-189-236-68-82-dyn.prod-infinitum.com.mx	41	2014-08-04	41	2014-08-15
47	147	TOTAL	10000	0.7	0.9	1	1	0.8	0.5	10.08	100	100800	1	1	189.243.89.9	dsl-189-243-89-9-dyn.prod-infinitum.com.mx	46	2014-08-04	46	2014-08-04
48	148	Total	786.44	0.7	0.85	1	1	0.85	0.51	101.15	100	79548.41	1	1	187.175.6.74	dsl-187-175-6-74-dyn.prod-infinitum.com.mx	46	2014-08-04	46	2014-08-04
49	149	Total	4604.64	0.41	0.7	1	1	0.7	0.2	20.09	100	92507.22	1	1	187.175.6.74	dsl-187-175-6-74-dyn.prod-infinitum.com.mx	46	2014-08-04	46	2014-08-04
50	141	Total	326.79	0.96	1	1	1	0.95	0.91	456	100	149016.24	1	1	187.175.6.74	dsl-187-175-6-74-dyn.prod-infinitum.com.mx	46	2014-08-04	46	2014-08-04
51	152	total	150	1	1	1	1	1	1	400	100	60000	1	1	187.175.6.74	dsl-187-175-6-74-dyn.prod-infinitum.com.mx	46	2014-08-05	0	1970-01-01
52	153	TOTAL	150	1	1	1	1	1	1	400	100	60000	1	1	187.175.6.74	dsl-187-175-6-74-dyn.prod-infinitum.com.mx	46	2014-08-05	0	1970-01-01
53	154	total	259.4	0.87	0.9	1	1	0.85	0.67	199.67	100	51794.4	1	1	187.175.6.74	dsl-187-175-6-74-dyn.prod-infinitum.com.mx	46	2014-08-05	46	2014-08-05
54	155	total	288	1	1	1	1	1	1	300	100	86400	1	1	187.175.6.74	dsl-187-175-6-74-dyn.prod-infinitum.com.mx	46	2014-08-05	0	1970-01-01
55	151	total	635.31	0.8	0.8	1	1	0.9	0.58	115.2	100	73187.71	1	1	187.175.6.74	dsl-187-175-6-74-dyn.prod-infinitum.com.mx	46	2014-08-05	46	2014-08-05
56	156	total	279.6	1	1	1	1	1	1	500	100	139800	1	1	187.175.6.74	dsl-187-175-6-74-dyn.prod-infinitum.com.mx	46	2014-08-05	0	1970-01-01
57	157	total	533.79	0.8	0.8	1	1	0.8	0.51	51.2	100	27330.05	1	1	187.175.6.74	dsl-187-175-6-74-dyn.prod-infinitum.com.mx	46	2014-08-05	46	2014-08-05
58	159	total	119.32	0.82	0.9	1	1	0.9	0.66	199.26	100	23775.7	1	1	187.175.6.74	dsl-187-175-6-74-dyn.prod-infinitum.com.mx	46	2014-08-06	46	2014-08-06
60	160	total	197.43	0.83	0.9	1	1	0.85	0.63	253.98	100	50143.27	1	1	187.175.6.74	dsl-187-175-6-74-dyn.prod-infinitum.com.mx	46	2014-08-06	46	2014-08-06
61	161	total	4484.5	0.9	0.95	1	1	0.95	0.81	24.37	100	109287.27	1	1	187.175.6.74	dsl-187-175-6-74-dyn.prod-infinitum.com.mx	46	2014-08-06	46	2014-08-06
62	162	Total	4913.1	0.9	0.95	1	1	0.95	0.81	24.37	100	119732.25	1	1	187.175.6.74	dsl-187-175-6-74-dyn.prod-infinitum.com.mx	46	2014-08-06	46	2014-08-06
63	158	Parcial	44045	1.12	1	1	1	1	1.12	224	100	9866080	1	1	187.175.37.178	dsl-187-175-37-178-dyn.prod-infinitum.com.mx	46	2014-08-06	46	2014-08-07
64	163	parcial	44045	1.12	1	1	1	1	1.12	224	100	9866080	1	1	187.175.37.178	dsl-187-175-37-178-dyn.prod-infinitum.com.mx	46	2014-08-06	46	2014-08-07
65	164	total	820.48	0.7	0.85	1	1	0.85	0.51	101.15	100	82991.55	1	1	187.175.6.74	dsl-187-175-6-74-dyn.prod-infinitum.com.mx	46	2014-08-06	0	1970-01-01
66	165	total	777.96	0.7	0.85	1	1	0.85	0.51	101.15	100	78690.65	1	1	187.175.70.19	dsl-187-175-70-19-dyn.prod-infinitum.com.mx	46	2014-08-06	46	2014-08-06
67	166	total	2541.54	0.78	0.8	1	1	0.8	0.5	49.92	100	126873.68	1	1	187.175.70.19	dsl-187-175-70-19-dyn.prod-infinitum.com.mx	46	2014-08-06	46	2014-08-06
68	168	TOTAL	759.77	0.78	0.8	1	1	0.8	0.5	99.84	100	75855.44	1	1	187.175.70.19	dsl-187-175-70-19-dyn.prod-infinitum.com.mx	46	2014-08-06	46	2014-08-06
69	169	total	777.6	0.78	0.8	1	1	0.8	0.5	99.84	100	77635.58	1	1	187.175.70.19	dsl-187-175-70-19-dyn.prod-infinitum.com.mx	46	2014-08-06	46	2014-08-06
70	170	total	938.03	0.9	0.9	1	1	1	0.81	243	100	227941.29	1	1	187.187.44.202	customer-mred-202.static.metrored.net.mx	9	2014-08-06	0	1970-01-01
72	172	TOTAL	172.89	2	1	0.8	1	1	1.6	158.4	100	27385.78	1	1	187.175.37.178	dsl-187-175-37-178-dyn.prod-infinitum.com.mx	46	2014-08-07	46	2014-08-07
73	173	total	106.34	2	1	0.8	1	1	1.6	160	100	17014.4	1	1	187.175.37.178	dsl-187-175-37-178-dyn.prod-infinitum.com.mx	46	2014-08-07	46	2014-08-07
74	174	total	73.08	2.5	1	0.6	1	1	1.5	150	100	10962	1	1	187.175.37.178	dsl-187-175-37-178-dyn.prod-infinitum.com.mx	46	2014-08-07	46	2014-08-07
75	175	total	1045.92	1	1	1	1	1	1	100	100	104592	1	1	187.175.64.113	dsl-187-175-64-113-dyn.prod-infinitum.com.mx	46	2014-08-07	0	1970-01-01
76	176	total	800	0.9	1	1	1	1	0.9	180	100	144000	1	1	187.175.64.113	dsl-187-175-64-113-dyn.prod-infinitum.com.mx	46	2014-08-07	0	1970-01-01
77	177	total	400	0.9	1	1	1	1	0.9	180	100	72000	1	1	187.175.64.113	dsl-187-175-64-113-dyn.prod-infinitum.com.mx	46	2014-08-07	0	1970-01-01
78	178	total	498.2	0.9	1	1	1	1	0.9	180	100	89676	1	1	187.175.64.113	dsl-187-175-64-113-dyn.prod-infinitum.com.mx	46	2014-08-07	0	1970-01-01
79	179	total	200	0.84	0.9	1	1	1	0.76	302.4	100	60480	1	1	187.175.66.193	dsl-187-175-66-193-dyn.prod-infinitum.com.mx	46	2014-08-07	46	2014-08-18
80	180	total	956.35	1.2	1	1	1	1	1.2	120	100	114762	1	1	187.175.60.139	dsl-187-175-60-139-dyn.prod-infinitum.com.mx	46	2014-08-07	46	2014-08-12
81	181	total	300	0.78	0.8	1	1	0.8	0.5	99.84	100	29952	1	1	187.175.64.113	dsl-187-175-64-113-dyn.prod-infinitum.com.mx	46	2014-08-08	46	2014-08-08
83	182	total	107.9	0.78	0.85	0.6	1	0.85	0.34	101.44	100	10945.38	1	1	187.175.64.113	dsl-187-175-64-113-dyn.prod-infinitum.com.mx	46	2014-08-08	46	2014-08-08
84	184	total	222	1	1	1	1	1	1	500	100	111000	1	1	187.175.64.113	dsl-187-175-64-113-dyn.prod-infinitum.com.mx	46	2014-08-09	0	1970-01-01
85	183	total	98	1	0.95	1	1	1	0.95	1768.9	100	173352.2	1	1	189.133.84.192	dsl-189-133-84-192-dyn.prod-infinitum.com.mx	52	2014-08-09	52	2014-08-09
89	187	total	1128.01	1.47	1	1	1	1	1.47	132.3	100	149235.72	1	1	187.175.64.113	dsl-187-175-64-113-dyn.prod-infinitum.com.mx	46	2014-08-10	46	2014-08-10
90	188	total	1128.01	1.47	1	1	1	1	1.47	132.3	100	149235.72	1	1	187.175.64.113	dsl-187-175-64-113-dyn.prod-infinitum.com.mx	46	2014-08-10	46	2014-08-10
91	191	TOTAL	8724.05	0.9	0.95	1	1	1	0.86	256.5	100	2237718.83	1	1	187.175.60.139	dsl-187-175-60-139-dyn.prod-infinitum.com.mx	46	2014-08-12	46	2014-08-12
92	190	UNICA	105	1	1	1	1	1	1	800	100	84000	1	1	189.133.132.209	dsl-189-133-132-209-dyn.prod-infinitum.com.mx	41	2014-08-12	0	1970-01-01
93	193	total	0	0.8	1	1	1	1	0	0	100	0	1	1	187.175.60.139	dsl-187-175-60-139-dyn.prod-infinitum.com.mx	46	2014-08-12	0	1970-01-01
94	198	UNICA	80.3	1	1	1	1	1	1	800	100	64240	1	1	189.236.68.82	dsl-189-236-68-82-dyn.prod-infinitum.com.mx	41	2014-08-15	41	2014-08-15
95	203	TOTAL	787.15	1	1	1	1	1	1	1000	100	787150	1	1	187.175.37.226	dsl-187-175-37-226-dyn.prod-infinitum.com.mx	46	2014-08-20	46	2014-08-20
96	202	100	115	1	0.9	1	1	1	0.9	7095.6	100	815994	1	1	189.133.136.0	189.133.136.0	52	2014-08-20	52	2014-08-20
97	206	TOTAL	133	0.95	1	1	1	1	0.95	1083	100	144039	1	1	187.175.69.51	dsl-187-175-69-51-dyn.prod-infinitum.com.mx	46	2014-08-21	46	2014-08-28
100	205	total	400	0.95	0.8	1	1	0.8	0.61	121.6	100	48640	1	1	187.175.69.51	dsl-187-175-69-51-dyn.prod-infinitum.com.mx	46	2014-08-21	46	2014-08-28
101	210	Total	68.3	1	0.8	1	1	0.95	0.76	4114.64	100	281009.34	1	1	189.236.254.45	dsl-189-236-254-45-dyn.prod-infinitum.com.mx	52	2014-08-25	52	2014-09-02
102	197	UNICA	299.1	1	1	1	1	1	1	700	100	209370	1	1	189.133.88.15	dsl-189-133-88-15-dyn.prod-infinitum.com.mx	41	2014-08-25	41	2014-08-27
103	211	TOTAL	8900	1	1	1	1	1	1	70	100	623000	1	1	187.175.1.141	dsl-187-175-1-141-dyn.prod-infinitum.com.mx	46	2014-08-25	46	2014-08-25
104	212	TOTAL	57.09	1	0.85	0.8	1	0.9	0.61	306	100	17469.54	1	1	187.175.1.141	dsl-187-175-1-141-dyn.prod-infinitum.com.mx	46	2014-08-25	46	2014-08-25
105	214	TOTAL	3150.31	0.8	0.85	1	1	0.85	0.58	46.24	100	145670.33	1	1	189.243.89.154	dsl-189-243-89-154-dyn.prod-infinitum.com.mx	46	2014-08-26	46	2014-08-26
106	215	TOTAL	1091.7	1.3	1	1	1	1	1.3	130	100	141921	1	1	187.175.3.127	dsl-187-175-3-127-dyn.prod-infinitum.com.mx	46	2014-08-26	46	2014-08-26
107	216	TOTAL	846.5	0.98	0.95	1	1	0.95	0.88	176.89	100	149737.39	1	1	187.175.3.127	dsl-187-175-3-127-dyn.prod-infinitum.com.mx	46	2014-08-26	46	2014-08-26
108	217	TOTAL	392	0.93	0.85	1	1	0.85	0.67	201.58	100	79019.36	1	1	187.175.3.127	dsl-187-175-3-127-dyn.prod-infinitum.com.mx	46	2014-08-26	46	2014-08-26
109	218	TOTAL	179.58	1.5	1	1	1	1	1.5	150	100	26937	1	1	187.175.3.127	dsl-187-175-3-127-dyn.prod-infinitum.com.mx	46	2014-08-26	46	2014-08-26
110	219	TOTAL	52.19	0.9	0.85	1	1	1	0.77	306	100	15970.14	1	1	187.175.68.161	dsl-187-175-68-161-dyn.prod-infinitum.com.mx	46	2014-08-26	46	2014-09-03
112	213	Total	93.5	1	0.9	1	1	1	0.9	5391	24	120974.04	1	1	189.236.71.216	dsl-189-236-71-216-dyn.prod-infinitum.com.mx	52	2014-08-27	0	1970-01-01
113	221	TOTAL	139.88	0.91	0.9	1	1	0.85	0.7	208.85	100	29213.94	1	1	187.175.69.51	dsl-187-175-69-51-dyn.prod-infinitum.com.mx	46	2014-08-27	46	2014-08-27
114	207	TOTAL	800	1	1	1	1	1	1	400	100	320000	1	1	187.175.69.51	dsl-187-175-69-51-dyn.prod-infinitum.com.mx	46	2014-08-28	0	1970-01-01
115	222	TOTAL	250	0.98	0.95	1	1	0.95	0.88	1017.12	100	254280	1	1	187.175.69.51	dsl-187-175-69-51-dyn.prod-infinitum.com.mx	46	2014-08-28	46	2014-08-28
116	223	TOTAL	5000	0.9	0.9	1	1	0.9	0.73	29.16	100	145800	1	1	187.175.33.35	dsl-187-175-33-35-dyn.prod-infinitum.com.mx	46	2014-08-29	0	1970-01-01
117	224	UNICA	270	1	1	1	1	1	1	600	100	162000	1	1	189.133.88.15	dsl-189-133-88-15-dyn.prod-infinitum.com.mx	41	2014-08-29	0	1970-01-01
118	226	TOTAL	100.38	0.8	0.8	0.8	1	0.8	0.41	1984.51	100	199205.11	1	1	187.175.33.35	dsl-187-175-33-35-dyn.prod-infinitum.com.mx	46	2014-08-29	46	2014-08-29
119	227	TOTAL	131.02	1	1	1	1	1	1	800	100	104816	1	1	187.175.33.35	dsl-187-175-33-35-dyn.prod-infinitum.com.mx	46	2014-08-29	0	1970-01-01
120	228	TOTAL	129.78	0.8	0.9	1	1	0.85	0.61	183.6	100	23827.61	1	1	187.175.33.35	dsl-187-175-33-35-dyn.prod-infinitum.com.mx	46	2014-08-29	0	1970-01-01
121	229	TOTAL	127.75	0.8	0.9	1	1	0.85	0.61	183.6	100	23454.9	1	1	187.175.33.35	dsl-187-175-33-35-dyn.prod-infinitum.com.mx	46	2014-08-29	0	1970-01-01
122	230	TOTAL	127.75	0.9	0.85	1	1	0.8	0.61	183.6	100	23454.9	1	1	187.175.33.35	dsl-187-175-33-35-dyn.prod-infinitum.com.mx	46	2014-08-29	46	2014-08-29
123	232	TOTAL	15000	1	1	1	1	1	1	20	100	300000	1	1	187.175.33.35	dsl-187-175-33-35-dyn.prod-infinitum.com.mx	46	2014-08-30	0	1970-01-01
124	233	TOTAL	5000	1.24	1	1	1	1	1.24	24.8	100	124000	1	1	187.175.68.161	dsl-187-175-68-161-dyn.prod-infinitum.com.mx	46	2014-08-30	46	2014-09-02
125	234		2679.9	0.9	1	1	1	1	0.9	54	100	144714.6	1	1	177.233.66.134	host-177-233-66-134.static.metrored.net.mx	9	2014-08-31	9	2014-08-31
126	235	1	300	1	1	1	1	1	1	200	100	60000	1	1	177.233.66.134	host-177-233-66-134.static.metrored.net.mx	9	2014-08-31	0	1970-01-01
127	236	1	5039.8	1	1	1	1	0.8	0.8	8	100	40318.4	1	1	177.233.66.134	host-177-233-66-134.static.metrored.net.mx	9	2014-08-31	9	2014-08-31
128	237	0.9	138	0.9	0.9	1	1	0.8	0.65	453.6	100	62596.8	1	1	177.233.66.134	host-177-233-66-134.static.metrored.net.mx	9	2014-08-31	9	2014-08-31
130	225	UNICA	167	0.95	1	1	1	1	0.95	1039.3	100	173563.1	1	1	187.175.26.248	dsl-187-175-26-248-dyn.prod-infinitum.com.mx	41	2014-09-01	41	2014-09-01
131	242	100	392	1	1	1	1	0.95	0.95	76	100	29792	1	1	177.233.66.134	host-177-233-66-134.static.metrored.net.mx	9	2014-09-01	9	2014-09-01
134	244	TOTAL	131.46	0.8	0.8	1	1	0.8	0.51	1053.7	100	138519.4	1	1	189.243.88.85	dsl-189-243-88-85-dyn.prod-infinitum.com.mx	46	2014-09-01	46	2014-09-01
136	248	1	1939.91	1	0.9	1	1	0.9	0.81	32.4	100	62853.08	1	1	177.233.66.134	host-177-233-66-134.static.metrored.net.mx	9	2014-09-02	9	2014-09-02
137	249	TOTAL	37.41	1	1	0.6	1	1	0.6	240	100	8978.4	1	1	177.233.66.134	host-177-233-66-134.static.metrored.net.mx	9	2014-09-02	9	2014-09-02
138	247	TOTAL	44.39	1	1	0.6	1	1	0.6	240	100	10653.6	1	1	177.233.66.134	host-177-233-66-134.static.metrored.net.mx	9	2014-09-02	9	2014-09-02
139	251	TOTAL	260	1	1	1	1	1	1	200	100	52000	1	1	187.175.68.161	dsl-187-175-68-161-dyn.prod-infinitum.com.mx	46	2014-09-02	0	1970-01-01
140	253	TOTAL	2642.25	1	0.95	1	1	0.95	0.9	54.15	100	143077.84	1	1	187.175.68.161	dsl-187-175-68-161-dyn.prod-infinitum.com.mx	46	2014-09-03	46	2014-09-03
141	254	TOTAL	10428.44	1	1	1	1	1	1	10	100	104284.4	1	1	177.233.66.134	host-177-233-66-134.static.metrored.net.mx	9	2014-09-03	9	2014-09-03
142	260	TOTAL	200.4	1	1	1	1	1	1	200	100	40080	1	1	187.175.67.147	dsl-187-175-67-147-dyn.prod-infinitum.com.mx	46	2014-09-03	46	2014-09-03
143	261	TOTAL	108.35	1	1	1	1	1	1	200	100	21670	1	1	187.175.67.147	dsl-187-175-67-147-dyn.prod-infinitum.com.mx	46	2014-09-03	0	1970-01-01
144	262	TOTAL	60000	1	1	1	1	1	1	20	100	1200000	1	1	187.175.67.147	dsl-187-175-67-147-dyn.prod-infinitum.com.mx	46	2014-09-03	46	2014-09-03
145	252	TOTAL	131	1	1	1	1	1	1	3452	100	452212	1	1	187.175.67.147	dsl-187-175-67-147-dyn.prod-infinitum.com.mx	46	2014-09-03	46	2014-09-03
146	271	UNICA	56	0.75	1	1	1	1	0.75	6300.75	100	352842	1	1	189.236.196.242	dsl-189-236-196-242-dyn.prod-infinitum.com.mx	41	2014-09-04	41	2014-09-11
147	273	TOTAL	57.77	1	1	0.6	1	1	0.6	2957.4	100	170849	1	1	189.236.225.44	dsl-189-236-225-44-dyn.prod-infinitum.com.mx	46	2014-09-04	46	2014-09-04
148	263	TOTAL	71821.31	0.5	0.65	1	1	0.65	0.21	1.48	100	106295.54	1	1	177.233.66.134	host-177-233-66-134.static.metrored.net.mx	9	2014-09-04	9	2014-09-04
149	241	TOTAL	241.69	0.9	0.9	1	1	1	0.81	567	100	137038.23	1	1	177.233.66.134	host-177-233-66-134.static.metrored.net.mx	9	2014-09-04	9	2014-09-04
150	239	TOTAL	243.71	0.8	0.9	1	1	1	0.72	504	100	122829.84	1	1	177.233.66.134	host-177-233-66-134.static.metrored.net.mx	9	2014-09-04	9	2014-09-04
152	278	TOTAL	125	1	1	1	1	1	1	1030	100	128750	1	1	189.243.90.215	dsl-189-243-90-215-dyn.prod-infinitum.com.mx	46	2014-09-07	0	1970-01-01
153	279	TOTAL LOTE 2	607.5	1	0.9	1	1	0.8	0.72	216	100	131220	1	1	187.175.63.196	dsl-187-175-63-196-dyn.prod-infinitum.com.mx	46	2014-09-08	46	2014-09-08
154	280	total	292.4	1	1	1	1	1	1	500	100	146200	1	1	189.236.226.95	dsl-189-236-226-95-dyn.prod-infinitum.com.mx	46	2014-09-08	0	1970-01-01
155	268	TOTAL	10999.66	1	1	1	1	1	1	10	100	109996.6	1	1	177.233.66.134	host-177-233-66-134.static.metrored.net.mx	9	2014-09-08	9	2014-09-21
156	269	TOTAL	25115	1.1	1	1	1	1	1.1	11	100	276265	1	1	177.233.66.134	host-177-233-66-134.static.metrored.net.mx	9	2014-09-08	9	2014-09-08
157	276	TOTAL	21999.34	0.9	1	1	1	1	0.9	9	100	197994.06	1	1	177.233.66.134	host-177-233-66-134.static.metrored.net.mx	9	2014-09-08	9	2014-09-21
158	281	TOTAL	3041	1	1	1	1	1	1	100	100	304100	1	1	189.236.226.95	dsl-189-236-226-95-dyn.prod-infinitum.com.mx	46	2014-09-08	46	2014-09-08
159	274	UNICA	374	1	1	1	1	1	1	300	100	112200	1	1	189.236.196.242	dsl-189-236-196-242-dyn.prod-infinitum.com.mx	41	2014-09-09	41	2014-09-09
160	258	TOTAL	77.99	0.9	0.85	0.8	1	0.85	0.52	416.16	100	32456.32	1	1	177.233.66.134	host-177-233-66-134.static.metrored.net.mx	9	2014-09-09	9	2014-09-09
162	282	total	253.89	1	1	1	1	1	1	900	100	228501	1	1	103.25.58.14	103.25.58.14	46	2014-09-09	0	1970-01-01
163	243	TOTAL	11847	0.6	0.65	1	1	0.65	0.25	7.61	100	90155.67	1	1	177.233.66.134	host-177-233-66-134.static.metrored.net.mx	9	2014-09-09	9	2014-09-09
165	245	TOTAL	11847	0.7	0.65	1	0.95	0.65	0.28	5.62	100	66580.14	1	1	177.233.66.134	host-177-233-66-134.static.metrored.net.mx	9	2014-09-09	9	2014-09-10
166	264	TOTAL	706.91	0.98	1	1	1	1	0.98	98	100	69277.18	1	1	177.233.66.134	host-177-233-66-134.static.metrored.net.mx	9	2014-09-10	9	2014-09-10
167	285	TOTAL	762.69	1	1	1	1	1	1	300	100	228807	1	1	103.25.58.14	103.25.58.14	46	2014-09-10	46	2014-09-10
168	275	UNICA	2000	1	1	1	1	1	1	500	100	1000000	1	1	189.236.196.242	dsl-189-236-196-242-dyn.prod-infinitum.com.mx	41	2014-09-11	0	1970-01-01
169	286	TOTAL	291.23	1	1	1	1	1	1	200	100	58246	1	1	189.243.90.252	dsl-189-243-90-252-dyn.prod-infinitum.com.mx	46	2014-09-11	0	1970-01-01
170	287	TOTAL	2381.93	0.8	0.8	1	1	0.8	0.51	102.4	100	243909.63	1	1	189.243.90.252	dsl-189-243-90-252-dyn.prod-infinitum.com.mx	46	2014-09-11	46	2014-09-11
171	289	TOTAL	180	1	1	1	1	1	1	100	100	18000	1	1	189.243.90.252	dsl-189-243-90-252-dyn.prod-infinitum.com.mx	46	2014-09-11	0	1970-01-01
172	291	TOTAL	113.38	1.12	1	1	1	1	1.12	3673.6	100	416512.77	1	1	187.175.56.100	dsl-187-175-56-100-dyn.prod-infinitum.com.mx	46	2014-09-14	46	2014-09-14
173	292	UNICA	540	1	1	1	1	1	1	400	100	215998.4	1	1	189.133.107.14	dsl-189-133-107-14-dyn.prod-infinitum.com.mx	41	2014-09-16	0	1970-01-01
174	283	TOTAL	1361.5	1	1	1	1	1	1	400	100	544600	1	1	189.243.89.189	dsl-189-243-89-189-dyn.prod-infinitum.com.mx	46	2014-09-16	46	2014-09-24
175	288	UNICA	116	1	0.8	1	1	1	0.8	3326.4	100	385862.4	1	1	189.133.126.228	dsl-189-133-126-228-dyn.prod-infinitum.com.mx	41	2014-09-17	41	2014-09-17
176	295	TOTAL	750	1	0.85	1	1	0.85	0.72	144.5	100	108375	1	1	187.175.59.32	dsl-187-175-59-32-dyn.prod-infinitum.com.mx	46	2014-09-19	46	2014-09-19
177	296	TOTAL	96	1	1	1	1	1	1	500	100	48000	1	1	187.175.59.32	dsl-187-175-59-32-dyn.prod-infinitum.com.mx	46	2014-09-19	0	1970-01-01
178	297	TOTAL	10966.44	0.9	0.95	1	1	0.9	0.77	15.39	100	168773.51	1	1	187.175.59.32	dsl-187-175-59-32-dyn.prod-infinitum.com.mx	46	2014-09-19	46	2014-09-19
179	293	UNICA	42	1	1	1	1	1	1	3280	100	137760	1	1	189.133.102.205	dsl-189-133-102-205-dyn.prod-infinitum.com.mx	41	2014-09-21	41	2014-09-21
180	294	UNICA	407	1	1	1	1	1	1	100	100	40700	1	1	189.133.102.205	dsl-189-133-102-205-dyn.prod-infinitum.com.mx	41	2014-09-22	0	1970-01-01
181	298	UNICA	1463.94	0.73	1	1	0.9	0.75	0.49	246.38	100	360685.54	1	1	189.133.102.205	dsl-189-133-102-205-dyn.prod-infinitum.com.mx	41	2014-09-22	41	2014-09-22
184	301	TOTAL	724	0.95	0.8	1	1	0.8	0.61	304	100	220096	1	1	187.175.38.210	dsl-187-175-38-210-dyn.prod-infinitum.com.mx	46	2014-09-24	46	2014-09-24
185	300	TOTAL 	9262.25	0.89	0.95	1	1	0.95	0.8	16.06	100	148751.74	1	1	189.243.89.189	dsl-189-243-89-189-dyn.prod-infinitum.com.mx	46	2014-09-24	46	2014-09-24
186	302	TOTAL	1574.11	0.95	1	1	1	1	0.95	95	100	149540.45	1	1	187.175.36.93	dsl-187-175-36-93-dyn.prod-infinitum.com.mx	46	2014-09-25	46	2014-09-25
187	303	TOTAL	141.6	1	1	1	1	1	1	500	100	70800	1	1	187.175.36.93	dsl-187-175-36-93-dyn.prod-infinitum.com.mx	46	2014-09-25	0	1970-01-01
188	304	TOTAL	400	1	1	1	1	1	1	200	100	80000	1	1	187.175.36.93	dsl-187-175-36-93-dyn.prod-infinitum.com.mx	46	2014-09-25	0	1970-01-01
189	305	TOTAL	233.3	1	1	1	1	1	1	200	100	46660	1	1	187.175.36.93	dsl-187-175-36-93-dyn.prod-infinitum.com.mx	46	2014-09-25	0	1970-01-01
190	306	TOTAL	262.2	1	1	1	1	1	1	200	100	52440	1	1	187.175.36.93	dsl-187-175-36-93-dyn.prod-infinitum.com.mx	46	2014-09-25	0	1970-01-01
191	240	TOTAL	1180.66	1	0.65	1	0.95	0.65	0.4	120.41	100	142163.27	1	1	177.233.66.134	host-177-233-66-134.static.metrored.net.mx	9	2014-09-25	9	2014-09-25
192	307	TOTAL	225	1	0.95	1	1	0.9	0.86	684	100	153900	1	1	187.175.36.93	dsl-187-175-36-93-dyn.prod-infinitum.com.mx	46	2014-09-26	46	2014-09-26
193	308	TOTAL	17399.8	1	1	1	1	1	1	10	100	173998	1	1	187.175.36.93	dsl-187-175-36-93-dyn.prod-infinitum.com.mx	46	2014-09-26	46	2014-09-26
194	309	TOTAL	14370.13	1	1	1	1	1	1	30	100	431103.9	1	1	187.175.36.93	dsl-187-175-36-93-dyn.prod-infinitum.com.mx	46	2014-09-26	0	1970-01-01
195	310	TOTAL	710	1	1	1	1	1	1	100	100	71000	1	1	187.175.36.93	dsl-187-175-36-93-dyn.prod-infinitum.com.mx	46	2014-09-26	0	1970-01-01
196	311	TOTAL	4515	1	1	1	1	1	1	30	100	135450	1	1	187.175.36.93	dsl-187-175-36-93-dyn.prod-infinitum.com.mx	46	2014-09-26	0	1970-01-01
197	312	TOTAL	4111.7	1	1	1	1	1	1	30	100	123351	1	1	187.175.36.93	dsl-187-175-36-93-dyn.prod-infinitum.com.mx	46	2014-09-26	0	1970-01-01
198	313	UNICA	264	1	1	1	1	1	1	5150	100	1359600	1	1	189.133.130.242	dsl-189-133-130-242-dyn.prod-infinitum.com.mx	41	2014-09-27	0	1970-01-01
199	314	TOTAL 	1428.6	1	1	1	1	1	1	100	100	142860	1	1	187.175.2.91	dsl-187-175-2-91-dyn.prod-infinitum.com.mx	46	2014-09-27	0	1970-01-01
201	316	TOTAL	200.2	1	1	1	1	1	1	500	100	100100	1	1	187.175.2.91	dsl-187-175-2-91-dyn.prod-infinitum.com.mx	46	2014-09-27	0	1970-01-01
202	318	TOTAL	1034.46	1	1	1	1	1	1	70	100	72412.2	1	1	187.175.2.91	dsl-187-175-2-91-dyn.prod-infinitum.com.mx	46	2014-09-27	0	1970-01-01
203	315	TOTAL	1025.73	1	1	1	1	1	1	70	100	71801.1	1	1	187.175.2.91	dsl-187-175-2-91-dyn.prod-infinitum.com.mx	46	2014-09-27	0	1970-01-01
204	319	TOTAL	677	1	1	1	1	1	1	200	100	135400	1	1	187.175.2.91	dsl-187-175-2-91-dyn.prod-infinitum.com.mx	46	2014-09-27	0	1970-01-01
205	320	TOTAL	180	1	1	1	1	1	1	200	100	36000	1	1	187.175.2.91	dsl-187-175-2-91-dyn.prod-infinitum.com.mx	46	2014-09-27	0	1970-01-01
206	321	TOTAL	200	1	1	1	1	1	1	300	100	60000	1	1	187.175.2.91	dsl-187-175-2-91-dyn.prod-infinitum.com.mx	46	2014-09-27	0	1970-01-01
207	322	TOTAL	2076.66	1	1	1	1	1	1	70	100	145366.2	1	1	187.175.2.91	dsl-187-175-2-91-dyn.prod-infinitum.com.mx	46	2014-09-27	0	1970-01-01
208	323	TOTAL	1046.59	1	1	1	1	1	1	70	100	73261.3	1	1	187.175.2.91	dsl-187-175-2-91-dyn.prod-infinitum.com.mx	46	2014-09-27	0	1970-01-01
209	324	TOTAL	1600	1	1	1	1	1	1	50	100	80000	1	1	187.175.2.91	dsl-187-175-2-91-dyn.prod-infinitum.com.mx	46	2014-09-28	0	1970-01-01
210	325	TOTAL	119.56	1	1	1	1	1	1	1000	100	119560	1	1	187.175.2.91	dsl-187-175-2-91-dyn.prod-infinitum.com.mx	46	2014-09-28	0	1970-01-01
211	326	TOTAL	400	1	1	1	1	1	1	300	100	120000	1	1	189.236.201.23	dsl-189-236-201-23-dyn.prod-infinitum.com.mx	46	2014-09-28	0	1970-01-01
212	317	TOTAL	24048.5	1	1	1	1	1	1	6	100	144291	1	1	189.236.201.23	dsl-189-236-201-23-dyn.prod-infinitum.com.mx	46	2014-09-28	46	2014-09-28
213	327	TOTAL	37872	0.9	0.85	1	1	0.95	0.73	14.54	100	550658.88	1	1	189.236.201.23	dsl-189-236-201-23-dyn.prod-infinitum.com.mx	46	2014-09-28	46	2014-09-28
214	328	TOTAL	4830.75	1	1	1	1	1	1	30	100	144922.5	1	1	189.236.201.23	dsl-189-236-201-23-dyn.prod-infinitum.com.mx	46	2014-09-28	0	1970-01-01
216	330	TOTAL	515.2	1	1	1	1	1	1	1000	100	515200	1	1	189.236.201.23	dsl-189-236-201-23-dyn.prod-infinitum.com.mx	46	2014-09-28	0	1970-01-01
217	331	TOTAL	300	1	1	1	1	1	1	1087	100	326100	1	1	189.236.201.23	dsl-189-236-201-23-dyn.prod-infinitum.com.mx	46	2014-09-28	0	1970-01-01
218	332	TOTAL	68.3	1	1	1	1	1	1	500	100	34150	1	1	187.175.3.29	dsl-187-175-3-29-dyn.prod-infinitum.com.mx	46	2014-09-29	0	1970-01-01
219	333	TOTAL	81.96	1	1	1	1	1	1	500	100	40980	1	1	187.175.3.29	dsl-187-175-3-29-dyn.prod-infinitum.com.mx	46	2014-09-29	0	1970-01-01
220	334	TOTAL	681.84	1	1	1	1	1	1	100	100	68184	1	1	187.175.2.17	dsl-187-175-2-17-dyn.prod-infinitum.com.mx	46	2014-09-29	0	1970-01-01
221	335	TOTAL	356.96	1	1	1	1	1	1	100	100	35696	1	1	187.175.2.17	dsl-187-175-2-17-dyn.prod-infinitum.com.mx	46	2014-09-29	0	1970-01-01
222	336	TOTAL	242	1	1	1	1	1	1	1000	100	242000	1	1	187.175.2.17	dsl-187-175-2-17-dyn.prod-infinitum.com.mx	46	2014-09-29	0	1970-01-01
223	337	TOTAL	571.79	0.9	0.9	1	1	0.85	0.69	688.5	100	393677.42	1	1	187.175.2.17	dsl-187-175-2-17-dyn.prod-infinitum.com.mx	46	2014-09-29	46	2014-09-29
225	340	TOTAL	400	1	1	1	1	1	1	900	100	360000	1	1	187.175.58.82	dsl-187-175-58-82-dyn.prod-infinitum.com.mx	46	2014-09-30	46	2014-09-30
226	341	TOTAL	220.5	1	0.95	1	1	1	0.95	1189.4	100	262262.7	1	1	187.175.58.82	dsl-187-175-58-82-dyn.prod-infinitum.com.mx	46	2014-09-30	46	2014-09-30
227	342	TOTAL FRACCION A	500	1	1	1	1	1	1	200	100	100000	1	1	187.175.58.82	dsl-187-175-58-82-dyn.prod-infinitum.com.mx	46	2014-10-01	0	1970-01-01
228	343	TOTAL	196.33	1	1	1	1	1	1	200	100	39266	1	1	187.175.58.82	dsl-187-175-58-82-dyn.prod-infinitum.com.mx	46	2014-10-01	0	1970-01-01
229	344	TOTAL	58.14	1	1	1	1	1	1	1000	100	58140	1	1	187.175.58.82	dsl-187-175-58-82-dyn.prod-infinitum.com.mx	46	2014-10-01	0	1970-01-01
230	345	TOTAL	250	1	1	1	1	1	1	400	100	100000	1	1	187.175.58.82	dsl-187-175-58-82-dyn.prod-infinitum.com.mx	46	2014-10-01	0	1970-01-01
231	346	TOTAL	189	1	1	1	1	1	1	400	100	75600	1	1	187.175.58.82	dsl-187-175-58-82-dyn.prod-infinitum.com.mx	46	2014-10-01	0	1970-01-01
232	347	TOTAL	389	0.95	1	1	1	1	0.95	380	100	147820	1	1	187.175.58.82	dsl-187-175-58-82-dyn.prod-infinitum.com.mx	46	2014-10-01	46	2014-10-01
233	348	TOTAL 	361.36	1	1	1	1	1	1	400	100	144544	1	1	187.175.58.82	dsl-187-175-58-82-dyn.prod-infinitum.com.mx	46	2014-10-01	0	1970-01-01
234	349	TOTAL	125	1	1	1	1	1	1	400	100	50000	1	1	187.175.58.82	dsl-187-175-58-82-dyn.prod-infinitum.com.mx	46	2014-10-01	0	1970-01-01
235	350	TOTAL	1269	1	1	1	1	1	1	200	100	253800	1	1	187.175.58.82	dsl-187-175-58-82-dyn.prod-infinitum.com.mx	46	2014-10-01	0	1970-01-01
236	351	TOTAL	2209	1	1	1	1	1	1	200	100	441800	1	1	187.175.58.82	dsl-187-175-58-82-dyn.prod-infinitum.com.mx	46	2014-10-01	0	1970-01-01
237	352	TOTAL	513	1	0.9	1	1	1	0.9	540	100	277020	1	1	187.175.58.82	dsl-187-175-58-82-dyn.prod-infinitum.com.mx	46	2014-10-01	46	2014-10-01
239	354	TOTAL	399.92	1	1	1	1	1	1	300	100	119976	1	1	187.175.58.82	dsl-187-175-58-82-dyn.prod-infinitum.com.mx	46	2014-10-02	0	1970-01-01
240	355	TOTAL	400	1	1	1	1	1	1	200	100	80000	1	1	187.175.58.82	dsl-187-175-58-82-dyn.prod-infinitum.com.mx	46	2014-10-02	0	1970-01-01
241	356	TOTAL	91.6	1	1	1	1	1	1	500	100	45800	1	1	187.175.58.82	dsl-187-175-58-82-dyn.prod-infinitum.com.mx	46	2014-10-02	0	1970-01-01
242	357	TOTAL	1046.25	1	1	1	1	1	1	100	100	104625	1	1	187.175.58.82	dsl-187-175-58-82-dyn.prod-infinitum.com.mx	46	2014-10-02	0	1970-01-01
244	359	UNICA	98.43	1	1	1	1	1	1	700	100	68901	1	1	189.133.135.93	dsl-189-133-135-93-dyn.prod-infinitum.com.mx	41	2014-10-04	41	2014-10-08
245	361	TOTAL	277.5	1	1	1	1	1	1	300	100	83250	1	1	187.175.70.233	dsl-187-175-70-233-dyn.prod-infinitum.com.mx	46	2014-10-05	0	1970-01-01
246	358	TOTAL	84.6	1	1	1	1	1	1	500	100	42300	1	1	187.175.70.233	dsl-187-175-70-233-dyn.prod-infinitum.com.mx	46	2014-10-05	0	1970-01-01
247	353	TOTAL	242.61	1	1	1	1	1	1	100	100	24261	1	1	187.175.70.233	dsl-187-175-70-233-dyn.prod-infinitum.com.mx	46	2014-10-05	0	1970-01-01
248	362	TOTAL	126380	0.92	0.9	1	1	0.85	0.7	7.04	100	889715.2	1	1	187.175.59.191	dsl-187-175-59-191-dyn.prod-infinitum.com.mx	46	2014-10-05	46	2014-10-06
249	363	TOTAL	400	1	1	1	1	1	1	200	100	80000	1	1	187.175.59.191	dsl-187-175-59-191-dyn.prod-infinitum.com.mx	46	2014-10-06	0	1970-01-01
250	364	TOTAL	250	1	1	1	1	1	1	1420	100	355000	1	1	187.175.59.191	dsl-187-175-59-191-dyn.prod-infinitum.com.mx	46	2014-10-06	0	1970-01-01
251	365	TOTAL	71.2	2	1	0.8	1	1	1.6	2716.8	100	193436.16	1	1	187.175.37.69	dsl-187-175-37-69-dyn.prod-infinitum.com.mx	46	2014-10-07	46	2014-10-07
253	360	TOTAL	389.28	1	0.9	1	1	0.9	0.81	81	100	31531.68	1	1	187.150.145.58	dsl-187-150-145-58-dyn.prod-infinitum.com.mx	35	2014-10-07	35	2014-10-08
256	367	TOTAL	2166.34	1	1	1	1	1	1	60	100	129980.4	1	1	187.175.36.216	dsl-187-175-36-216-dyn.prod-infinitum.com.mx	46	2014-10-09	0	1970-01-01
257	366	TOTAL	1841.38	1	1	1	1	1	1	50	100	92069	1	1	187.175.36.216	dsl-187-175-36-216-dyn.prod-infinitum.com.mx	46	2014-10-09	0	1970-01-01
258	329	TOTAL	27342.7	1	1	1	1	1	1	30	100	820281	1	1	189.236.229.205	dsl-189-236-229-205-dyn.prod-infinitum.com.mx	46	2014-10-10	0	1970-01-01
260	373	TOTAL	847	1	0.85	1	1	0.85	0.72	505.75	100	428370.25	1	1	187.175.5.8	dsl-187-175-5-8-dyn.prod-infinitum.com.mx	46	2014-10-11	46	2014-10-16
262	372	UNICO	30.84	1	1	1	1	1	1	5382	100	165980.88	1	1	189.133.80.235	dsl-189-133-80-235-dyn.prod-infinitum.com.mx	41	2014-10-11	41	2014-11-05
263	375	TOTAL	7240	0.93	0.95	1	1	0.95	0.84	25.18	100	182303.2	1	1	189.243.88.15	dsl-189-243-88-15-dyn.prod-infinitum.com.mx	46	2014-10-12	46	2014-10-12
264	376	TOTAL	17924.95	1	1	1	1	1	1	10	100	179249.5	1	1	189.243.88.15	dsl-189-243-88-15-dyn.prod-infinitum.com.mx	46	2014-10-12	0	1970-01-01
265	377	TOTAL	3984.54	1	1	1	1	1	1	10	100	39845.4	1	1	189.243.88.15	dsl-189-243-88-15-dyn.prod-infinitum.com.mx	46	2014-10-12	0	1970-01-01
267	368	TOTAL	180.9	0.7	0.85	1	0	1	0	0	0	0	1	1	187.150.145.58	dsl-187-150-145-58-dyn.prod-infinitum.com.mx	39	2014-10-12	0	1970-01-01
268	379	TOTAL	2573.84	0.9	0.8	1	0.9	0.8	0.52	103.68	100	266855.73	1	1	187.175.4.67	dsl-187-175-4-67-dyn.prod-infinitum.com.mx	46	2014-10-14	46	2014-10-14
269	380	TOTAL	1683.07	1	1	1	1	1	1	100	100	168307	1	1	187.175.4.67	dsl-187-175-4-67-dyn.prod-infinitum.com.mx	46	2014-10-14	0	1970-01-01
270	381	TOTAL	917.49	1	1	1	1	1	1	200	100	183498	1	1	187.175.4.67	dsl-187-175-4-67-dyn.prod-infinitum.com.mx	46	2014-10-14	0	1970-01-01
271	382	TOTAL	883.67	1	1	1	1	1	1	200	100	176734	1	1	187.175.4.67	dsl-187-175-4-67-dyn.prod-infinitum.com.mx	46	2014-10-14	0	1970-01-01
272	383	TOTAL	75	1	1	1	1	1	1	1000	100	75000	1	1	187.175.4.67	dsl-187-175-4-67-dyn.prod-infinitum.com.mx	46	2014-10-14	0	1970-01-01
273	384	UNICA	630.48	0.98	1	1	1	1	0.98	7700.84	100	4855225.6	1	1	189.133.131.253	dsl-189-133-131-253-dyn.prod-infinitum.com.mx	41	2014-10-16	41	2014-10-16
276	385	TOTAL	783.96	0.9	0.9	1	0.95	0.9	0.69	138.51	100	108586.3	1	1	187.175.5.8	dsl-187-175-5-8-dyn.prod-infinitum.com.mx	46	2014-10-16	46	2014-10-16
278	386	TOTAL	1555.36	1	1	1	1	1	1	200	100	311072	1	1	187.175.5.8	dsl-187-175-5-8-dyn.prod-infinitum.com.mx	46	2014-10-16	0	1970-01-01
279	387	TOTAL	1555.36	1	1	1	1	1	1	200	100	311072	1	1	187.175.5.8	dsl-187-175-5-8-dyn.prod-infinitum.com.mx	46	2014-10-16	0	1970-01-01
280	388	TOTAL	326	1	1	1	1	1	1	600	100	195600	1	1	187.175.5.8	dsl-187-175-5-8-dyn.prod-infinitum.com.mx	46	2014-10-18	0	1970-01-01
282	390	TOTAL	300	1	1	1	1	1	1	500	100	150000	1	1	187.175.2.233	dsl-187-175-2-233-dyn.prod-infinitum.com.mx	46	2014-10-19	0	1970-01-01
283	391	TOTAL	126	1	1	1	1	1	1	1180	100	148680	1	1	187.175.2.233	dsl-187-175-2-233-dyn.prod-infinitum.com.mx	46	2014-10-19	0	1970-01-01
284	378	UNICA	215.61	0.93	1	1	1	1	0.93	837	100	180465.57	1	1	189.133.88.29	dsl-189-133-88-29-dyn.prod-infinitum.com.mx	41	2014-10-20	41	2014-10-20
286	393	TOTAL	2860.79	1	1	1	1	1	1	30	100	85823.7	1	1	187.175.65.191	dsl-187-175-65-191-dyn.prod-infinitum.com.mx	46	2014-10-21	0	1970-01-01
287	394	TOTAL	1492	1	1	1	1	1	1	100	100	149200	1	1	187.175.65.191	dsl-187-175-65-191-dyn.prod-infinitum.com.mx	46	2014-10-21	0	1970-01-01
288	389	TOTAL	6378	1.05	1	1	1	1	1.05	31.5	100	200907	1	1	187.175.65.191	dsl-187-175-65-191-dyn.prod-infinitum.com.mx	46	2014-10-21	46	2014-10-21
289	396	TOTAL	314.4	1	1	1	1	1	1	300	100	94320	1	1	187.175.69.209	dsl-187-175-69-209-dyn.prod-infinitum.com.mx	46	2014-10-22	0	1970-01-01
290	395	TOTAL	188.6	1	1	1	1	1	1	500	100	94300	1	1	187.175.69.209	dsl-187-175-69-209-dyn.prod-infinitum.com.mx	46	2014-10-22	0	1970-01-01
291	397	TOTAL	591.78	1	1	1	1	1	1	100	100	59178	1	1	189.236.230.167	dsl-189-236-230-167-dyn.prod-infinitum.com.mx	46	2014-10-23	0	1970-01-01
292	398	TOTAL	557.34	1	1	1	1	1	1	100	100	55734	1	1	189.236.230.167	dsl-189-236-230-167-dyn.prod-infinitum.com.mx	46	2014-10-23	0	1970-01-01
293	401	TOTAL	276.25	1	1	1	1	1	1	200	100	55250	1	1	187.175.7.239	dsl-187-175-7-239-dyn.prod-infinitum.com.mx	46	2014-10-26	0	1970-01-01
294	402	TOTAL	133	1	1	1	1	1	1	1000	100	133000	1	1	187.175.7.239	dsl-187-175-7-239-dyn.prod-infinitum.com.mx	46	2014-10-26	0	1970-01-01
295	403	TOTAL	363.46	1	1	1	1	1	1	500	100	181730	1	1	187.175.7.239	dsl-187-175-7-239-dyn.prod-infinitum.com.mx	46	2014-10-26	0	1970-01-01
297	405	TOTAL	7289.64	1	1	1	1	1	1	30	100	218689.2	1	1	189.243.88.179	dsl-189-243-88-179-dyn.prod-infinitum.com.mx	46	2014-10-26	0	1970-01-01
298	406	TOTAL	40	1	1	1	1	1	1	500	100	20000	1	1	189.243.88.179	dsl-189-243-88-179-dyn.prod-infinitum.com.mx	46	2014-10-26	0	1970-01-01
299	407	TOTAL	446.64	1	1	1	1	1	1	400	100	178656	1	1	187.175.2.78	dsl-187-175-2-78-dyn.prod-infinitum.com.mx	46	2014-10-26	0	1970-01-01
300	408	TOTAL	3882.3	1	1	1	1	1	1	500	100	1941150	1	1	187.175.2.78	dsl-187-175-2-78-dyn.prod-infinitum.com.mx	46	2014-10-26	0	1970-01-01
301	410	TOTAL	410	1	1	1	1	1	1	100	100	41000	1	1	189.236.231.28	dsl-189-236-231-28-dyn.prod-infinitum.com.mx	46	2014-10-28	0	1970-01-01
302	411	TOTAL	193.24	1	1	1	1	1	1	300	100	57972	1	1	189.236.231.28	dsl-189-236-231-28-dyn.prod-infinitum.com.mx	46	2014-10-28	0	1970-01-01
304	369	UNICA	247.87	1	1	1	1	1	1	200	100	49574	1	1	189.236.196.23	dsl-189-236-196-23-dyn.prod-infinitum.com.mx	41	2014-10-30	0	1970-01-01
305	370	UNICA	428.09	1	1	1	1	1	1	300	100	128427	1	1	189.236.196.23	dsl-189-236-196-23-dyn.prod-infinitum.com.mx	41	2014-10-30	0	1970-01-01
306	412	UNO	4400	1	1	1	1	1	1	400	100	1760000	1	1	189.236.196.23	dsl-189-236-196-23-dyn.prod-infinitum.com.mx	41	2014-10-30	41	2014-10-30
307	409	UNICA	11310	0.9	1	1	1	1	0.9	18	100	203580	1	1	189.236.196.23	dsl-189-236-196-23-dyn.prod-infinitum.com.mx	41	2014-10-31	0	1970-01-01
308	371	UNICA	347.72	1	1	1	1	1	1	200	100	69544	1	1	189.236.196.23	dsl-189-236-196-23-dyn.prod-infinitum.com.mx	41	2014-10-31	0	1970-01-01
309	413	TOTAL	128.9	1	1	1	1	1	1	500	100	64450	1	1	187.175.33.11	dsl-187-175-33-11-dyn.prod-infinitum.com.mx	46	2014-10-31	0	1970-01-01
310	399	UNICA	112	1	1	1	1	1	1	2969	100	332528	1	1	189.236.196.23	dsl-189-236-196-23-dyn.prod-infinitum.com.mx	41	2014-10-31	0	1970-01-01
311	400	UNICA	112	1	1	1	1	1	1	2969	100	332528	1	1	189.236.196.23	dsl-189-236-196-23-dyn.prod-infinitum.com.mx	41	2014-10-31	0	1970-01-01
312	414	TOTAL	4200	1.2	1	1	1	1	1.2	48	100	201600	1	1	187.175.62.45	dsl-187-175-62-45-dyn.prod-infinitum.com.mx	46	2014-11-02	46	2014-11-02
313	392	UNICA	1218.6	1	1	1	1	1	1	7550	100	9200430	1	1	189.133.80.235	dsl-189-133-80-235-dyn.prod-infinitum.com.mx	41	2014-11-02	41	2014-11-05
314	416	TOTAL	288	1	1	1	1	1	1	200	100	57600	1	1	187.175.62.45	dsl-187-175-62-45-dyn.prod-infinitum.com.mx	46	2014-11-03	0	1970-01-01
315	415	1	786.94	1	0.9	1	1	0.9	0.81	162	100	127484.28	1	1	189.133.111.60	dsl-189-133-111-60-dyn.prod-infinitum.com.mx	52	2014-11-03	52	2014-11-03
316	404	TOTAL	87.55	0.8	0.8	1	1	0.9	0.58	1054.08	100	92284.7	1	1	187.175.67.30	dsl-187-175-67-30-dyn.prod-infinitum.com.mx	46	2014-11-04	46	2014-11-09
317	417	TOTAL	60	1	1	1	1	1	1	500	100	30000	1	1	189.236.227.133	dsl-189-236-227-133-dyn.prod-infinitum.com.mx	46	2014-11-04	0	1970-01-01
318	418	TOTAL	194.42	1	1	1	1	1	1	1122	100	218139.24	1	1	189.236.228.91	dsl-189-236-228-91-dyn.prod-infinitum.com.mx	46	2014-11-04	46	2014-11-04
319	419	UNICA	163.27	0.95	1	0.8	0.95	1	0.72	4475.68	100	730744.27	1	1	189.133.80.235	dsl-189-133-80-235-dyn.prod-infinitum.com.mx	41	2014-11-05	41	2014-11-05
320	420	TOTAL	107.4	1	1	1	1	1	1	500	100	53700	1	1	189.236.228.91	dsl-189-236-228-91-dyn.prod-infinitum.com.mx	46	2014-11-05	0	1970-01-01
321	421	TOTAL	2555	1	1	1	1	1	1	50	100	127750	1	1	189.236.228.91	dsl-189-236-228-91-dyn.prod-infinitum.com.mx	46	2014-11-05	0	1970-01-01
322	422	TOTAL	50.48	1	1	1	1	1	1	2900	100	146392	1	1	189.236.228.91	dsl-189-236-228-91-dyn.prod-infinitum.com.mx	46	2014-11-05	0	1970-01-01
323	423	NO APLICA	39.92	1	1	1	1	1	1	2900	100	115768	1	1	189.236.228.91	dsl-189-236-228-91-dyn.prod-infinitum.com.mx	46	2014-11-05	0	1970-01-01
325	424	1	0	1	1	1	1	1	0	0	100	0	1	1	189.133.111.60	dsl-189-133-111-60-dyn.prod-infinitum.com.mx	52	2014-11-07	52	2014-11-07
326	425	TOTAL	630	0.99	1	1	1	1	0.99	396	100	249480	1	1	187.175.67.30	dsl-187-175-67-30-dyn.prod-infinitum.com.mx	46	2014-11-10	46	2014-11-10
327	426	TOTAL	265.19	1	1	1	1	1	1	300	100	79557	1	1	189.236.201.80	dsl-189-236-201-80-dyn.prod-infinitum.com.mx	46	2014-11-10	46	2014-11-10
328	428	TOTAL	278.57	1	1	1	1	1	1	200	100	55714	1	1	187.175.68.25	dsl-187-175-68-25-dyn.prod-infinitum.com.mx	46	2014-11-11	0	1970-01-01
329	429	TOTAL	94.36	1	1	1	1	1	1	500	100	47180	1	1	187.175.68.25	dsl-187-175-68-25-dyn.prod-infinitum.com.mx	46	2014-11-11	0	1970-01-01
331	374	TOTAL	4216.66	0.85	1	1	1	1	0.85	170	100	716832.2	1	1	189.236.202.62	dsl-189-236-202-62-dyn.prod-infinitum.com.mx	46	2014-11-11	46	2014-11-11
332	430	TOTAL	758.52	1	1	1	1	1	1	200	100	151704	1	1	189.236.229.11	dsl-189-236-229-11-dyn.prod-infinitum.com.mx	46	2014-11-12	0	1970-01-01
333	432	TOTAL	559	1	1	1	1	1	1	100	100	55900	1	1	189.236.229.11	dsl-189-236-229-11-dyn.prod-infinitum.com.mx	46	2014-11-12	0	1970-01-01
334	433	TOTAL	2581.53	1	1	1	1	1	1	50	100	129076.5	1	1	189.236.229.11	dsl-189-236-229-11-dyn.prod-infinitum.com.mx	46	2014-11-12	0	1970-01-01
335	434	TOTAL	683	1	1	1	1	1	1	100	100	68300	1	1	189.236.229.11	dsl-189-236-229-11-dyn.prod-infinitum.com.mx	46	2014-11-12	0	1970-01-01
336	435	TOTAL	670	1	1	1	1	1	1	100	100	67000	1	1	189.236.229.11	dsl-189-236-229-11-dyn.prod-infinitum.com.mx	46	2014-11-12	0	1970-01-01
337	427	UNICA	442.7	1	1	1	1	1	1	400	100	177080	1	1	189.133.80.235	dsl-189-133-80-235-dyn.prod-infinitum.com.mx	41	2014-11-13	41	2014-11-13
338	438	TOTAL	390	1	1	1	1	1	1	1000	100	390000	1	1	187.175.33.23	dsl-187-175-33-23-dyn.prod-infinitum.com.mx	46	2014-11-17	0	1970-01-01
339	437	TOTAL	39050	1	1	1	1	1	1	5	100	195250	1	1	187.175.33.23	dsl-187-175-33-23-dyn.prod-infinitum.com.mx	46	2014-11-17	0	1970-01-01
340	436	TOTAL	120	1	1	1	1	1	1	500	100	60000	1	1	187.175.33.173	dsl-187-175-33-173-dyn.prod-infinitum.com.mx	46	2014-11-17	0	1970-01-01
341	439	TOTAL	283.92	1	1	1	1	1	1	600	100	170352	1	1	187.175.33.173	dsl-187-175-33-173-dyn.prod-infinitum.com.mx	46	2014-11-17	0	1970-01-01
344	339	TOTAL	13611.92	0.81	0.95	1	1	0.95	0.73	146.21	100	1990198.82	1	1	187.175.33.173	dsl-187-175-33-173-dyn.prod-infinitum.com.mx	46	2014-11-18	46	2014-11-19
346	440	TOTAL	17104.77	1	1	1	1	1	1	8	100	136838.16	1	1	189.236.229.59	dsl-189-236-229-59-dyn.prod-infinitum.com.mx	46	2014-11-19	0	1970-01-01
348	442	TOTAL	91.79	1	1	1	1	1	1	1011	100	92799.69	1	1	187.175.33.53	dsl-187-175-33-53-dyn.prod-infinitum.com.mx	46	2014-11-23	0	1970-01-01
349	443	TOTAL	168.08	1	1	1	1	1	1	3016	100	506929.28	1	1	187.175.33.53	dsl-187-175-33-53-dyn.prod-infinitum.com.mx	46	2014-11-23	46	2014-11-23
350	431	UNICA	200	1	1	1	1	1	1	4926	100	985200	1	1	189.133.110.37	dsl-189-133-110-37-dyn.prod-infinitum.com.mx	41	2014-11-25	0	1970-01-01
352	445	TOTAL	676.5	1	1	1	1	1	1	100	100	67650	1	1	187.175.32.250	dsl-187-175-32-250-dyn.prod-infinitum.com.mx	46	2014-11-26	0	1970-01-01
353	446	TOTAL	403.75	1	1	1	1	1	1	200	100	80750	1	1	187.175.32.250	dsl-187-175-32-250-dyn.prod-infinitum.com.mx	46	2014-11-26	0	1970-01-01
354	447	TOTAL	450	1.05	1	1	1	1	1.05	840	100	378000	1	1	187.175.70.55	dsl-187-175-70-55-dyn.prod-infinitum.com.mx	46	2014-11-26	46	2014-11-26
355	448	TOTAL	198	1	1	1	1	1	1	300	100	59400	1	1	187.175.70.55	dsl-187-175-70-55-dyn.prod-infinitum.com.mx	46	2014-11-27	0	1970-01-01
356	449	TOTAL	228.5	1	1	1	1	1	1	400	100	91400	1	1	187.175.70.55	dsl-187-175-70-55-dyn.prod-infinitum.com.mx	46	2014-11-27	0	1970-01-01
357	450	TOTAL	10000	1	1	1	1	1	1	20	100	200000	1	1	187.175.70.55	dsl-187-175-70-55-dyn.prod-infinitum.com.mx	46	2014-11-27	0	1970-01-01
358	451	TOTAL	2153	1	1	1	1	1	1	50	100	107650	1	1	187.175.70.55	dsl-187-175-70-55-dyn.prod-infinitum.com.mx	46	2014-11-27	0	1970-01-01
360	453	TOTAL	114.82	1	1	1	1	1	1	500	100	57410	1	1	187.175.70.55	dsl-187-175-70-55-dyn.prod-infinitum.com.mx	46	2014-11-27	0	1970-01-01
361	454	TOTAL	215.7	1	1	1	1	1	1	100	100	21570	1	1	187.175.70.55	dsl-187-175-70-55-dyn.prod-infinitum.com.mx	46	2014-11-27	0	1970-01-01
362	455	TOTAL	336.77	1	1	1	1	1	1	100	100	33677	1	1	187.175.70.55	dsl-187-175-70-55-dyn.prod-infinitum.com.mx	46	2014-11-28	0	1970-01-01
363	456	UNICA	111.68	1	1	1	1	1	1	600	100	67008	1	1	189.133.110.37	dsl-189-133-110-37-dyn.prod-infinitum.com.mx	41	2014-11-28	0	1970-01-01
366	457	TOTAL	801	0.98	0.95	1	1	1	0.93	186.2	100	149146.2	1	1	187.175.69.229	dsl-187-175-69-229-dyn.prod-infinitum.com.mx	46	2014-11-29	46	2014-11-29
367	458	TOTAL	543.73	1	0.95	1	1	1	0.95	1941.8	100	1055814.91	1	1	187.175.59.61	dsl-187-175-59-61-dyn.prod-infinitum.com.mx	46	2014-11-30	46	2014-11-30
368	459	TOTAL	306.79	1	0.95	1	1	1	0.95	1912.35	100	586689.86	1	1	187.175.1.164	dsl-187-175-1-164-dyn.prod-infinitum.com.mx	46	2014-11-30	0	1970-01-01
369	460	TOTAL	674.56	1	0.95	1	1	1	0.95	1938.95	100	1307938.11	1	1	187.175.1.164	dsl-187-175-1-164-dyn.prod-infinitum.com.mx	46	2014-11-30	46	2014-11-30
370	461	TOTAL	1800	1	1	1	1	1	1	100	100	180000	1	1	187.175.1.164	dsl-187-175-1-164-dyn.prod-infinitum.com.mx	46	2014-11-30	0	1970-01-01
371	462	TOTAL	91	0.98	1	1	1	1	0.98	2009	100	182819	1	1	189.236.200.13	dsl-189-236-200-13-dyn.prod-infinitum.com.mx	46	2014-12-01	46	2014-12-01
372	444	TOTAL	596.41	1	1	1	1	1	1	400	100	238564	1	1	189.243.88.91	dsl-189-243-88-91-dyn.prod-infinitum.com.mx	46	2014-12-01	0	1970-01-01
373	463	TOTAL	966.39	1	1	1	1	1	1	400	100	386556	1	1	189.243.88.91	dsl-189-243-88-91-dyn.prod-infinitum.com.mx	46	2014-12-01	0	1970-01-01
375	465	TOTAL	53057	1.04	0.8	1	1	1	0.83	2.5	100	132642.5	1	1	189.243.88.194	dsl-189-243-88-194-dyn.prod-infinitum.com.mx	46	2014-12-03	46	2014-12-03
376	466	TOTAL	133.45	1	1	1	1	1	1	200	100	26690	1	1	189.243.88.194	dsl-189-243-88-194-dyn.prod-infinitum.com.mx	46	2014-12-03	0	1970-01-01
377	467	TOTAL	256.9	1	1	1	1	1	1	200	100	51380	1	1	189.243.88.194	dsl-189-243-88-194-dyn.prod-infinitum.com.mx	46	2014-12-03	0	1970-01-01
378	468	TOTAL	218.04	1	1	1	1	1	1	200	100	43608	1	1	189.243.88.194	dsl-189-243-88-194-dyn.prod-infinitum.com.mx	46	2014-12-03	0	1970-01-01
379	469	TOTAL	133.03	1	1	1	1	1	1	200	100	26606	1	1	189.243.88.194	dsl-189-243-88-194-dyn.prod-infinitum.com.mx	46	2014-12-03	0	1970-01-01
380	470	TOTAL	200.39	1	1	1	1	1	1	500	100	100195	1	1	189.243.88.194	dsl-189-243-88-194-dyn.prod-infinitum.com.mx	46	2014-12-03	0	1970-01-01
382	472	TOTAL	90.4	1	1	1	1	1	1	2003	100	181071.2	1	1	189.236.200.11	dsl-189-236-200-11-dyn.prod-infinitum.com.mx	46	2014-12-04	0	1970-01-01
383	473	TOTAL	537.62	1	1	1	1	1	1	500	100	268810	1	1	189.236.200.11	dsl-189-236-200-11-dyn.prod-infinitum.com.mx	46	2014-12-04	0	1970-01-01
384	474	TOTAL	105	1	1	1	1	1	1	1045	100	109725	1	1	189.236.200.11	dsl-189-236-200-11-dyn.prod-infinitum.com.mx	46	2014-12-04	0	1970-01-01
385	475	TOTAL	105	1	1	1	1	1	1	1045	100	109725	1	1	189.236.200.11	dsl-189-236-200-11-dyn.prod-infinitum.com.mx	46	2014-12-04	0	1970-01-01
386	476	TOTAL	14941.92	1	1	1	1	1	1	100	100	1494192	1	1	189.236.200.11	dsl-189-236-200-11-dyn.prod-infinitum.com.mx	46	2014-12-04	0	1970-01-01
387	477	TOTAL	7285.17	1	1	1	1	1	1	100	100	728517	1	1	189.236.200.11	dsl-189-236-200-11-dyn.prod-infinitum.com.mx	46	2014-12-04	0	1970-01-01
388	478	TOTAL	900000	1	1	1	1	1	1	2	100	1800000	1	1	189.236.200.11	dsl-189-236-200-11-dyn.prod-infinitum.com.mx	46	2014-12-04	0	1970-01-01
389	479	TOTAL	28388.5	1	1	1	1	1	1	30	100	851655	1	1	189.236.200.11	dsl-189-236-200-11-dyn.prod-infinitum.com.mx	46	2014-12-04	0	1970-01-01
390	480	TOTAL	227	0.99	1	1	1	1	0.99	2971.98	100	674639.46	1	1	187.175.68.14	dsl-187-175-68-14-dyn.prod-infinitum.com.mx	46	2014-12-06	46	2014-12-06
391	481	TOTAL	13053	1	1	1	1	1	1	10	100	130530	1	1	187.175.68.14	dsl-187-175-68-14-dyn.prod-infinitum.com.mx	46	2014-12-06	0	1970-01-01
392	482	TOTAL	214	1	1	1	1	1	1	100	100	21400	1	1	187.175.68.14	dsl-187-175-68-14-dyn.prod-infinitum.com.mx	46	2014-12-06	0	1970-01-01
393	483	TOTAL	188.82	1	1	1	1	1	1	500	100	94410	1	1	187.175.68.14	dsl-187-175-68-14-dyn.prod-infinitum.com.mx	46	2014-12-06	46	2014-12-06
394	484	TOTAL	262.5	1	1	1	1	1	1	500	100	131250	1	1	187.175.68.14	dsl-187-175-68-14-dyn.prod-infinitum.com.mx	46	2014-12-06	0	1970-01-01
396	486	TOTAL	24748	1	1	1	1	1	1	10	100	247480	1	1	189.236.230.200	dsl-189-236-230-200-dyn.prod-infinitum.com.mx	46	2014-12-08	0	1970-01-01
398	488	TOTAL	234.28	1.07	1	1	1	1	1.07	214	100	50135.92	1	1	189.236.230.200	dsl-189-236-230-200-dyn.prod-infinitum.com.mx	46	2014-12-08	46	2014-12-08
399	489	UNICA	3441.29	1	1	1	1	1	1	200	100	688258	1	1	189.133.116.175	dsl-189-133-116-175-dyn.prod-infinitum.com.mx	41	2014-12-11	41	2014-12-11
400	441	TOTAL	430	1	1	1	1	1	1	400	100	172000	1	1	189.236.225.217	dsl-189-236-225-217-dyn.prod-infinitum.com.mx	46	2014-12-11	0	1970-01-01
401	490	UNICA	4750	1	1	1	1	1	1	100	100	475000	1	1	189.133.116.175	dsl-189-133-116-175-dyn.prod-infinitum.com.mx	41	2014-12-12	41	2014-12-12
402	491	UNICA	87.1	1	1	1	1	1	1	3398	100	295965.8	1	1	189.133.83.237	dsl-189-133-83-237-dyn.prod-infinitum.com.mx	41	2014-12-12	41	2014-12-22
403	471	total	43330	1.15	1	1	1	1	1.15	11.5	100	498295	1	1	187.175.0.81	dsl-187-175-0-81-dyn.prod-infinitum.com.mx	46	2014-12-13	46	2014-12-13
404	493	TOTAL	526.95	1	1	1	1	1	1	100	100	52695	1	1	187.175.35.180	dsl-187-175-35-180-dyn.prod-infinitum.com.mx	46	2014-12-15	0	1970-01-01
405	464	TOTAL	262.75	1	1	1	1	1	1	500	100	131375	1	1	187.175.35.180	dsl-187-175-35-180-dyn.prod-infinitum.com.mx	46	2014-12-15	0	1970-01-01
406	494	TOTAL	736	1	1	1	1	1	1	100	100	73600	1	1	187.175.35.180	dsl-187-175-35-180-dyn.prod-infinitum.com.mx	46	2014-12-16	0	1970-01-01
407	492	UNICA	2000000	1	1	1	1	1	1	10	100	20000000	1	1	189.133.83.237	dsl-189-133-83-237-dyn.prod-infinitum.com.mx	41	2014-12-16	41	2014-12-18
408	496	TOTAL	105	1	1	1	1	1	1	1000	100	105000	1	1	189.236.202.15	dsl-189-236-202-15-dyn.prod-infinitum.com.mx	46	2014-12-16	0	1970-01-01
409	497	TOTAL	325	1	1	1	1	1	1	100	100	32500	1	1	187.175.68.180	dsl-187-175-68-180-dyn.prod-infinitum.com.mx	46	2014-12-17	0	1970-01-01
411	498	TOTAL	1492.17	1	1	1	1	1	1	100	100	149217	1	1	189.243.90.67	dsl-189-243-90-67-dyn.prod-infinitum.com.mx	46	2014-12-17	0	1970-01-01
412	495	TOTAL	1885.8	1	1	1	1	1	1	100	100	188580	1	1	187.175.57.94	dsl-187-175-57-94-dyn.prod-infinitum.com.mx	46	2014-12-17	0	1970-01-01
413	499	TOTAL	240	1	1	1	1	1	1	200	100	48000	1	1	189.236.227.193	dsl-189-236-227-193-dyn.prod-infinitum.com.mx	46	2014-12-18	0	1970-01-01
414	500	UNICA	277.2	1	1	1	1	1	1	6482	100	1796810.4	1	1	189.133.83.237	dsl-189-133-83-237-dyn.prod-infinitum.com.mx	41	2014-12-18	41	2014-12-18
415	501	UNICA	106.93	1	1	1	1	1	1	600	100	64158	1	1	189.133.83.237	dsl-189-133-83-237-dyn.prod-infinitum.com.mx	41	2014-12-20	41	2014-12-20
416	502	TOTAL	326.85	1	1	1	1	1	1	400	100	130740	1	1	187.175.60.6	dsl-187-175-60-6-dyn.prod-infinitum.com.mx	46	2014-12-20	0	1970-01-01
417	503	TOTAL	4586.69	0.95	0.9	1	1	0.9	0.77	153.9	100	705891.59	1	1	187.175.60.6	dsl-187-175-60-6-dyn.prod-infinitum.com.mx	46	2014-12-20	46	2014-12-20
418	504	UNICA	649.48	1	1	1	1	1	1	200	100	129896	1	1	189.133.83.237	dsl-189-133-83-237-dyn.prod-infinitum.com.mx	41	2014-12-23	41	2014-12-23
419	485	TOTAL	1034.3	1	1	1	1	1	1	200	100	206860	1	1	189.243.88.59	dsl-189-243-88-59-dyn.prod-infinitum.com.mx	46	2014-12-24	0	1970-01-01
420	452	total	260	1	1	1	1	1	1	400	100	104000	1	1	187.175.34.7	dsl-187-175-34-7-dyn.prod-infinitum.com.mx	46	2014-12-25	0	1970-01-01
421	487	TOTAL	22131.25	1	1	1	1	1	1	7	100	154918.75	1	1	187.175.7.114	dsl-187-175-7-114-dyn.prod-infinitum.com.mx	46	2014-12-29	0	1970-01-01
422	505	UNICA	9999.95	1	1	1	1	1	1	400	100	3999980	1	1	189.133.119.215	dsl-189-133-119-215-dyn.prod-infinitum.com.mx	41	2015-01-03	41	2015-01-03
423	506	TOTAL	148.33	1	1	1	1	1	1	300	100	44499	1	1	187.175.39.177	dsl-187-175-39-177-dyn.prod-infinitum.com.mx	46	2015-01-04	0	1970-01-01
424	507	TOTAL	185.25	1	1	1	1	1	1	400	100	74100	1	1	187.175.39.177	dsl-187-175-39-177-dyn.prod-infinitum.com.mx	46	2015-01-04	0	1970-01-01
425	508	TOTAL	745.68	1	1	1	1	1	1	1000	100	745680	1	1	187.175.39.177	dsl-187-175-39-177-dyn.prod-infinitum.com.mx	46	2015-01-04	0	1970-01-01