61	136	62	1550000	150	150	10333.33	0.95	1	1	1	1	1	0.95	9816.67	1	1	187.175.60.50	dsl-187-175-60-50-dyn.prod-infinitum.com.mx	0	1970-01-01	46	2014-08-01
62	136	63	1500000	105	165	9090.91	0.95	1	1	1.5	1	1	1.43	12954.55	1	1	187.175.60.50	dsl-187-175-60-50-dyn.prod-infinitum.com.mx	0	1970-01-01	46	2014-08-01
63	136	64	600000	146	123	4878.05	0.8	1	1	1.46	1	1	1.17	5697.56	1	1	187.175.60.50	dsl-187-175-60-50-dyn.prod-infinitum.com.mx	0	1970-01-01	46	2014-08-01
64	137	65	670000	64.43	64.43	10398.88	1	0.8	1.15	0.7	1	0.95	0.61	6362.04	1	1	189.133.132.209	dsl-189-133-132-209-dyn.prod-infinitum.com.mx	0	1970-01-01	41	2014-08-13
65	137	66	700000	72	72	9722.22	1	0.8	1.05	0.8	1	0.95	0.64	6206.67	1	1	189.133.85.195	dsl-189-133-85-195-dyn.prod-infinitum.com.mx	0	1970-01-01	41	2014-08-02
66	137	67	700000	64.43	64.43	10864.5	1	0.8	1.07	0.7	1	0.95	0.57	6184.51	1	1	189.133.85.195	dsl-189-133-85-195-dyn.prod-infinitum.com.mx	0	1970-01-01	41	2014-08-02
67	137	68	680000	77	58.07	11710.01	1	0.8	1.13	0.6	1	0.95	0.52	6033.93	1	1	189.133.85.195	dsl-189-133-85-195-dyn.prod-infinitum.com.mx	0	1970-01-01	41	2014-08-02
68	137	69	700000	77	58.07	12054.42	1	0.8	1.13	0.6	1	0.95	0.52	6211.4	1	1	189.133.85.195	dsl-189-133-85-195-dyn.prod-infinitum.com.mx	0	1970-01-01	41	2014-08-02
69	137	70	760000	70	64.43	11795.75	1	0.8	1.07	0.6	1	0.95	0.49	5755.38	1	1	189.133.85.195	dsl-189-133-85-195-dyn.prod-infinitum.com.mx	0	1970-01-01	41	2014-08-02
70	144	71	1420000	270	352	4034.09	0.6	0.8	0.9	0.7	1	0.7	0.21	853.94	0	1	187.175.57.92	dsl-187-175-57-92-dyn.prod-infinitum.com.mx	0	1970-01-01	46	2014-08-04
71	140	72	650000	105	85	7647.06	1	1	1	0.9	1	0.95	0.86	6538.24	1	1	189.236.68.82	dsl-189-236-68-82-dyn.prod-infinitum.com.mx	0	1970-01-01	41	2014-08-15
72	140	73	650000	93	90	7222.22	1	1	1	0.9	1	0.95	0.86	6175	1	1	189.236.68.82	dsl-189-236-68-82-dyn.prod-infinitum.com.mx	0	1970-01-01	41	2014-08-15
73	140	74	600000	110	95	6315.79	1	1	1	0.9	1	0.95	0.86	5400	1	1	189.236.68.82	dsl-189-236-68-82-dyn.prod-infinitum.com.mx	0	1970-01-01	41	2014-08-15
74	140	75	750000	105	95	7894.74	1	1	1	0.9	1	0.95	0.86	6750	1	1	189.236.68.82	dsl-189-236-68-82-dyn.prod-infinitum.com.mx	0	1970-01-01	41	2014-08-15
75	151	76	650000	147	85	7647.06	0.6	0.8	0.8	0.76	1	0.8	0.23	1785.37	1	1	187.175.6.74	dsl-187-175-6-74-dyn.prod-infinitum.com.mx	0	1970-01-01	46	2014-08-05
76	157	77	620000	186	186	3333.33	0.9	1	0.9	0.9	1	0.9	0.66	2187	0	1	187.175.6.74	dsl-187-175-6-74-dyn.prod-infinitum.com.mx	0	1970-01-01	46	2014-08-05
77	159	78	1000000	400	116	8620.69	0.8	0.8	0.7	0.75	1	0.7	0.24	2027.59	0	1	187.175.6.74	dsl-187-175-6-74-dyn.prod-infinitum.com.mx	0	1970-01-01	46	2014-08-06
78	164	79	5000000	2846	1376	3633.72	1	1.15	1	0.7	1	1	0.81	2925.15	1	1	187.175.64.113	dsl-187-175-64-113-dyn.prod-infinitum.com.mx	0	1970-01-01	46	2014-08-08
81	170	82	260000	168	74	3513.51	0.95	1	1	0.9	1	0.9	0.77	2703.65	1	1	187.187.44.202	customer-mred-202.static.metrored.net.mx	0	1970-01-01	9	2014-08-06
82	170	83	750000	105	98	7653.06	1	1	0.9	0.8	1	0.9	0.65	4959.18	1	1	187.187.44.202	customer-mred-202.static.metrored.net.mx	0	1970-01-01	9	2014-08-06
83	170	84	995000	995	300	3316.67	0.8	1	0.9	1	1	0.9	0.65	2149.2	1	1	187.187.44.202	customer-mred-202.static.metrored.net.mx	0	1970-01-01	9	2014-08-06
84	165	85	5000000	2846	1376	3633.72	0.8	1.15	0.78	0.78	1	0.75	0.42	1525.42	1	1	187.175.64.113	dsl-187-175-64-113-dyn.prod-infinitum.com.mx	0	1970-01-01	46	2014-08-08
85	184	86	1095000	400	116	9439.66	0.8	1	0.8	0.8	1	0.75	0.38	3624.83	1	1	187.175.64.113	dsl-187-175-64-113-dyn.prod-infinitum.com.mx	0	1970-01-01	46	2014-08-09
86	189	87	0	0	0	0	0	0	0	0	0	0	0	0	1	1			0	1970-01-01	0	1970-01-01
87	189	88	0	0	0	0	0	0	0	0	0	0	0	0	1	1			0	1970-01-01	0	1970-01-01
88	189	89	0	0	0	0	0	0	0	0	0	0	0	0	1	1			0	1970-01-01	0	1970-01-01
89	191	90	10000000	2624	1080	9259.26	1	1	1	0.9	1	0.9	0.81	7500	1	1	187.175.60.139	dsl-187-175-60-139-dyn.prod-infinitum.com.mx	0	1970-01-01	46	2014-08-12
90	191	91	2800000	650	471	5944.8	1	1	1	0.9	1	0.9	0.81	4815.29	1	1	187.175.60.139	dsl-187-175-60-139-dyn.prod-infinitum.com.mx	0	1970-01-01	46	2014-08-12
91	191	92	2500000	1837	450	5555.56	1	1	1	0.95	1	0.9	0.86	4750	1	1	187.175.60.139	dsl-187-175-60-139-dyn.prod-infinitum.com.mx	0	1970-01-01	46	2014-08-12
92	203	93	1500000	127.92	255.44	5872.22	0.8	1	0.8	0.9	1	1	0.58	3382.4	1	1	187.175.37.226	dsl-187-175-37-226-dyn.prod-infinitum.com.mx	0	1970-01-01	46	2014-08-20
93	203	94	2500000	1927	164	15243.9	0.8	1	1	0.95	1	0.9	0.68	10426.83	1	1	187.175.37.226	dsl-187-175-37-226-dyn.prod-infinitum.com.mx	0	1970-01-01	46	2014-08-20
94	203	95	1420000	270	352	4034.09	0.8	1	0.85	0.9	1	1	0.61	2468.86	1	1	187.175.37.226	dsl-187-175-37-226-dyn.prod-infinitum.com.mx	0	1970-01-01	46	2014-08-20
95	202	96	1750000	105	100	17500	0.9	1	1.05	1.2	1	0.9	1.02	17860.5	1	1	189.133.136.0	189.133.136.0	0	1970-01-01	52	2014-08-20
96	202	97	1600000	100	112	14285.71	0.95	1	1.1	1.1	1	0.9	1.03	14779.29	1	1	189.133.136.0	189.133.136.0	0	1970-01-01	52	2014-08-20
97	202	98	1700000	100	105	16190.48	0.95	1	1.1	1.25	1	0.9	1.18	19033.93	1	1	189.133.136.0	189.133.136.0	0	1970-01-01	52	2014-08-20
98	205	99	1200000	1420	250	4800	0.8	1	0.9	0.5	1	0.8	0.29	1382.4	0	1	187.175.69.51	dsl-187-175-69-51-dyn.prod-infinitum.com.mx	0	1970-01-01	46	2014-08-28
99	205	100	995000	945	300	3316.67	0.8	1	1	0.8	1	0.8	0.51	1698.13	0	1	187.175.69.51	dsl-187-175-69-51-dyn.prod-infinitum.com.mx	0	1970-01-01	46	2014-08-28
100	205	101	205000	330	43	4767.44	0.9	1	0.8	0.7	1	0.8	0.4	1922.23	0	1	187.175.69.51	dsl-187-175-69-51-dyn.prod-infinitum.com.mx	0	1970-01-01	46	2014-08-28
101	206	102	2050000	200	210	9761.9	0.9	1	0.9	0.9	1	0.9	0.66	6404.79	1	1	187.175.69.51	dsl-187-175-69-51-dyn.prod-infinitum.com.mx	0	1970-01-01	46	2014-08-28
102	206	103	1100000	400	116	9482.76	0.9	1	0.8	0.8	1	0.8	0.46	4369.66	1	1	187.175.58.74	dsl-187-175-58-74-dyn.prod-infinitum.com.mx	0	1970-01-01	46	2014-08-21
103	206	104	1420000	270	352	4034.09	0.9	1	1	1	1	1	0.9	3630.68	1	1	187.175.58.74	dsl-187-175-58-74-dyn.prod-infinitum.com.mx	0	1970-01-01	46	2014-08-21
104	212	105	400000	300	150	2666.67	0.9	1	1	1	1	0.9	0.81	2160	0	1	187.175.1.141	dsl-187-175-1-141-dyn.prod-infinitum.com.mx	0	1970-01-01	46	2014-08-25
105	213	106	1350000	93	93	14516.13	0.95	1	1	1.1	1	0.9	0.94	13652.42	1	1	189.236.71.216	dsl-189-236-71-216-dyn.prod-infinitum.com.mx	0	1970-01-01	52	2014-08-27
106	213	107	1650000	108	108	15277.78	1	1	1	1.1	1	0.95	1.05	15965.28	1	1	189.236.71.216	dsl-189-236-71-216-dyn.prod-infinitum.com.mx	0	1970-01-01	52	2014-08-27
107	213	108	1200000	92	93	12903.23	1	1	1	1.1	1	0.95	1.05	13483.87	1	1	189.236.71.216	dsl-189-236-71-216-dyn.prod-infinitum.com.mx	0	1970-01-01	52	2014-08-27
108	222	109	1550000	150	150	10333.33	1	1	0.9	0.9	1	0.9	0.73	7533	1	1	187.175.69.51	dsl-187-175-69-51-dyn.prod-infinitum.com.mx	0	1970-01-01	46	2014-08-28
109	222	110	600000	146	123	4878.05	0.9	1	0.9	0.8	1	0.9	0.58	2844.88	1	1	187.175.69.51	dsl-187-175-69-51-dyn.prod-infinitum.com.mx	0	1970-01-01	46	2014-08-28
110	222	111	1500000	105	165	9090.91	0.9	1	0.9	1	1	0.9	0.73	6627.27	1	1	187.175.69.51	dsl-187-175-69-51-dyn.prod-infinitum.com.mx	0	1970-01-01	46	2014-08-28
111	226	112	3500000	600	253	13833.99	0.9	1	1	0.8	1	0.83	0.6	8267.19	1	1	187.175.33.35	dsl-187-175-33-35-dyn.prod-infinitum.com.mx	0	1970-01-01	46	2014-08-29
112	226	113	1500000	160	239	6276.15	1	1	0.8	0.8	1	0.9	0.58	3615.06	1	1	187.175.33.35	dsl-187-175-33-35-dyn.prod-infinitum.com.mx	0	1970-01-01	46	2014-08-29
113	226	114	800000	76	74	10810.81	0.8	1	0.7	0.8	1	0.8	0.36	3874.59	1	1	187.175.33.35	dsl-187-175-33-35-dyn.prod-infinitum.com.mx	0	1970-01-01	46	2014-08-29
114	227	115	850000	122	75	11333.33	0.9	1	0.82	0.9	1	0.8	0.53	6022.08	1	1	187.175.33.35	dsl-187-175-33-35-dyn.prod-infinitum.com.mx	0	1970-01-01	46	2014-08-29
115	227	116	2800000	127.5	383	7310.7	0.9	1	0.9	0.9	1	0.9	0.66	4796.55	1	1	187.175.33.35	dsl-187-175-33-35-dyn.prod-infinitum.com.mx	0	1970-01-01	46	2014-08-29
116	227	117	850000	120	120	7083.33	0.9	1	0.9	0.9	1	0.9	0.66	4647.37	1	1	187.175.33.35	dsl-187-175-33-35-dyn.prod-infinitum.com.mx	0	1970-01-01	46	2014-08-29
117	230	118	185000	228	36	5138.89	0.8	1	0.8	0.8	1	0.8	0.41	2104.89	0	1	187.175.33.35	dsl-187-175-33-35-dyn.prod-infinitum.com.mx	0	1970-01-01	46	2014-08-29
118	232	119	185000	36	36	5138.89	1	1	1	1	1	1	1	5138.89	1	1	187.175.33.35	dsl-187-175-33-35-dyn.prod-infinitum.com.mx	0	1970-01-01	46	2014-08-30
119	232	120	1000000	200	204	4901.96	1	1	1	1	1	1	1	4901.96	1	1	187.175.33.35	dsl-187-175-33-35-dyn.prod-infinitum.com.mx	0	1970-01-01	46	2014-08-30
120	232	121	5490000	150000	600	9150	1	1	1.2	1	1	1	1.2	10980	1	1	187.175.33.35	dsl-187-175-33-35-dyn.prod-infinitum.com.mx	0	1970-01-01	46	2014-08-30
121	233	122	185000	36	36	5138.89	0.8	0.8	0.8	0.8	1	0.8	0.33	1683.91	0	1	187.175.68.161	dsl-187-175-68-161-dyn.prod-infinitum.com.mx	0	1970-01-01	46	2014-09-02
122	233	123	1000000	200	204	4901.96	0.9	0.8	0.8	0.8	1	0.8	0.37	1807.06	0	1	187.175.68.161	dsl-187-175-68-161-dyn.prod-infinitum.com.mx	0	1970-01-01	46	2014-09-02
123	233	124	5490000	150000	600	9150	0.9	1	1	1	1	0.8	0.72	6588	0	1	187.175.68.161	dsl-187-175-68-161-dyn.prod-infinitum.com.mx	0	1970-01-01	46	2014-09-02
124	237	125	1000000	875	275	3636.36	1	1	1	1	1	0.9	0.9	3272.73	1	1	177.233.66.134	host-177-233-66-134.static.metrored.net.mx	0	1970-01-01	9	2014-08-31
125	237	126	950000	110	98	9693.88	1	0.8	0.7	0.9	1	0.9	0.45	4397.14	1	1	177.233.66.134	host-177-233-66-134.static.metrored.net.mx	0	1970-01-01	9	2014-08-31
126	237	127	900000	150	126	7142.86	0.9	0.8	1	0.8	1	0.9	0.52	3702.86	1	1	177.233.66.134	host-177-233-66-134.static.metrored.net.mx	0	1970-01-01	9	2014-08-31
127	225	128	1500000	122	234	6410.26	0.8	1	0.97	1.13	1	0.95	0.83	5339.97	1	1	187.175.26.248	dsl-187-175-26-248-dyn.prod-infinitum.com.mx	0	1970-01-01	41	2014-09-01
128	225	129	1440000	161	240	6000	0.95	1	0.96	1	1	0.95	0.87	5198.4	1	1	187.175.26.248	dsl-187-175-26-248-dyn.prod-infinitum.com.mx	0	1970-01-01	41	2014-09-01
129	225	130	1200000	190	190	6315.79	0.8	1	0.96	1.16	1	0.95	0.85	5345.28	1	1	187.175.26.248	dsl-187-175-26-248-dyn.prod-infinitum.com.mx	0	1970-01-01	41	2014-09-01
130	225	131	1550000	210	200	7750	0.95	1	1	1.07	1	0.9	0.91	7090.09	1	1	187.175.26.248	dsl-187-175-26-248-dyn.prod-infinitum.com.mx	0	1970-01-01	41	2014-09-01
131	239	132	0	0	0	0	0	0	0	0	0	0	0	0	1	1			0	1970-01-01	0	1970-01-01
132	239	133	0	0	0	0	0	0	0	0	0	0	0	0	1	1			0	1970-01-01	0	1970-01-01
133	239	134	0	0	0	0	0	0	0	0	0	0	0	0	1	1			0	1970-01-01	0	1970-01-01
134	241	135	0	0	0	0	0	0	0	0	0	0	0	0	1	1			0	1970-01-01	0	1970-01-01
135	241	136	0	0	0	0	0	0	0	0	0	0	0	0	1	1			0	1970-01-01	0	1970-01-01
136	241	137	0	0	0	0	0	0	0	0	0	0	0	0	1	1			0	1970-01-01	0	1970-01-01
137	240	138	1800000	330	220	8181.82	0.6	0.8	0.7	0.5	0.9	0.9	0.14	1113.38	1	1	177.233.66.134	host-177-233-66-134.static.metrored.net.mx	0	1970-01-01	9	2014-09-25
138	240	139	2800000	3208	301	9302.33	0.6	0.8	0.7	0.5	0.9	0.9	0.14	1265.86	1	1	177.233.66.134	host-177-233-66-134.static.metrored.net.mx	0	1970-01-01	9	2014-09-25
139	240	140	700000	140	131.34	5329.68	1	0.8	0.7	0.5	0.9	0.9	0.23	1208.77	1	1	177.233.66.134	host-177-233-66-134.static.metrored.net.mx	0	1970-01-01	9	2014-09-25
140	246	141	1500000	350	176	8522.73	0	0	0	0	0	0	0	0	1	1	177.233.66.134	host-177-233-66-134.static.metrored.net.mx	0	1970-01-01	9	2014-09-02
141	246	142	1300000	130	140	9285.71	0	0	0	0	0	0	0	0	1	1	177.233.66.134	host-177-233-66-134.static.metrored.net.mx	0	1970-01-01	9	2014-09-02
142	246	143	1150000	108	172	6686.05	0	0	0	0	0	0	0	0	1	1	177.233.66.134	host-177-233-66-134.static.metrored.net.mx	0	1970-01-01	9	2014-09-02
143	252	144	1420000	270	352	4034.09	0.8	1	1	0.9	1	0.9	0.65	2614.09	1	1	187.175.68.161	dsl-187-175-68-161-dyn.prod-infinitum.com.mx	0	1970-01-01	46	2014-09-02
145	252	146	1500000	160	90	16666.67	1	1.15	0.8	0.8	1	0.8	0.59	9813.33	1	1	187.175.67.147	dsl-187-175-67-147-dyn.prod-infinitum.com.mx	0	1970-01-01	46	2014-09-03
146	252	147	1500000	134.75	135.43	11075.83	0.9	1	1	0.9	1	0.87	0.7	7805.14	1	1	187.175.67.147	dsl-187-175-67-147-dyn.prod-infinitum.com.mx	0	1970-01-01	46	2014-09-03
147	271	148	450000	73	60.2	7475.08	0.9	1	1	0.9	0.9	0.95	0.69	5176.87	1	1	189.236.196.242	dsl-189-236-196-242-dyn.prod-infinitum.com.mx	0	1970-01-01	41	2014-09-09
148	271	149	500000	66	63.8	7836.99	0.9	1	1	0.89	0.9	0.95	0.68	5367.2	1	1	189.236.196.242	dsl-189-236-196-242-dyn.prod-infinitum.com.mx	0	1970-01-01	41	2014-09-09
149	271	150	490000	58.07	58.07	8438.09	0.9	1	1	0.89	0.9	0.95	0.68	5778.87	1	1	189.236.196.242	dsl-189-236-196-242-dyn.prod-infinitum.com.mx	0	1970-01-01	41	2014-09-09
150	271	151	530000	65	65	8153.85	0.9	1	1.01	0.87	0.9	0.95	0.68	5513.3	1	1	189.236.196.242	dsl-189-236-196-242-dyn.prod-infinitum.com.mx	0	1970-01-01	41	2014-09-09
151	271	152	600000	78.9	78.9	7604.56	0.9	1	1.04	0.9	0.9	0.95	0.72	5477.2	1	1	189.236.196.242	dsl-189-236-196-242-dyn.prod-infinitum.com.mx	0	1970-01-01	41	2014-09-09
152	271	153	550000	66	63.8	8620.69	0.9	1	1.01	0.9	0.9	0.95	0.7	6029.96	1	1	189.236.196.242	dsl-189-236-196-242-dyn.prod-infinitum.com.mx	0	1970-01-01	41	2014-09-09
153	273	154	3500000	600	253	13833.99	0.6	1	1	0.8	1	0.8	0.38	5312.25	1	1	189.236.225.44	dsl-189-236-225-44-dyn.prod-infinitum.com.mx	0	1970-01-01	46	2014-09-04
154	273	155	1500000	160	239	6276.15	1	1	0.8	0.8	1	0.9	0.58	3615.06	1	1	189.236.225.44	dsl-189-236-225-44-dyn.prod-infinitum.com.mx	0	1970-01-01	46	2014-09-04
155	273	156	800000	76	74	10810.81	0.8	1	0.7	0.8	1	0.8	0.36	3874.59	1	1	189.236.225.44	dsl-189-236-225-44-dyn.prod-infinitum.com.mx	0	1970-01-01	46	2014-09-04
156	278	157	675000	121.5	100	6750	0.8	1	0.8	0.8	1	0.7	0.36	2419.2	1	1	189.243.90.215	dsl-189-243-90-215-dyn.prod-infinitum.com.mx	0	1970-01-01	46	2014-09-07
157	278	158	1400000	270	352	3977.27	0.9	1	0.9	0.9	1	0.9	0.66	2609.49	1	1	189.243.90.215	dsl-189-243-90-215-dyn.prod-infinitum.com.mx	0	1970-01-01	46	2014-09-07
158	278	159	1380000	270	352	3920.45	1	1	1	1	1	1	1	3920.45	1	1	189.243.90.215	dsl-189-243-90-215-dyn.prod-infinitum.com.mx	0	1970-01-01	46	2014-09-07
160	276	161	1100000	234	180	6111.11	0.8	0.8	0.9	0.5	0.9	0.9	0.23	1425.6	1	1	177.233.66.134	host-177-233-66-134.static.metrored.net.mx	0	1970-01-01	9	2014-09-21
161	276	162	1300000	130	140	9285.71	0.6	1	0.9	0.5	0.9	0.9	0.22	2030.79	1	1	177.233.66.134	host-177-233-66-134.static.metrored.net.mx	0	1970-01-01	9	2014-09-21
162	276	163	1150000	108	172	6686.05	0.6	0.8	0.9	0.5	0.9	0.9	0.17	1169.79	1	1	177.233.66.134	host-177-233-66-134.static.metrored.net.mx	0	1970-01-01	9	2014-09-21
163	282	164	600000	146	123	4878.05	0.8	1	0.8	0.8	1	0.8	0.41	1998.05	1	1	103.25.58.14	103.25.58.14	0	1970-01-01	46	2014-09-09
164	282	165	1500000	105	165	9090.91	0.6	1	0.7	0.8	1	0.8	0.27	2443.64	1	1	103.25.58.14	103.25.58.14	0	1970-01-01	46	2014-09-09
165	282	166	1550000	150	150	10333.33	0.8	1	0.7	0.7	0.95	0.7	0.26	2693.69	1	1	103.25.58.14	103.25.58.14	0	1970-01-01	46	2014-09-09
166	285	167	1100000	400	116	9482.76	0.9	1	1	0.9	1	0.9	0.73	6912.93	1	1	103.25.58.14	103.25.58.14	0	1970-01-01	46	2014-09-10
168	285	169	2050000	200	210	9761.9	0.9	1	0.87	1	1	0.86	0.67	6573.47	1	1	103.25.58.14	103.25.58.14	0	1970-01-01	46	2014-09-10
169	285	170	1420000	270	352	4034.09	1	1	1	1	1	0.89	0.89	3590.34	1	1	103.25.58.14	103.25.58.14	0	1970-01-01	46	2014-09-10
170	287	171	450000	600	120	3750	1	1	1.18	0.8	1	0.9	0.85	3186	1	1	189.243.90.252	dsl-189-243-90-252-dyn.prod-infinitum.com.mx	0	1970-01-01	46	2014-09-11
171	287	172	1000000	400	116	8620.69	0.9	1	1	1	1	0.9	0.81	6982.76	1	1	189.243.90.252	dsl-189-243-90-252-dyn.prod-infinitum.com.mx	0	1970-01-01	46	2014-09-11
172	287	173	170000	100	50	3400	1	1	0.9	0.8	1	0.9	0.65	2203.2	1	1	189.243.90.252	dsl-189-243-90-252-dyn.prod-infinitum.com.mx	0	1970-01-01	46	2014-09-11
173	291	174	1800000	200	200	9000	0.9	1	0.9	0.8	1	0.8	0.52	4665.6	1	1	187.175.56.100	dsl-187-175-56-100-dyn.prod-infinitum.com.mx	0	1970-01-01	46	2014-09-14
174	291	175	2500000	150	300	8333.33	0.8	1	0.8	0.8	1	0.82	0.42	3498.67	1	1	187.175.56.100	dsl-187-175-56-100-dyn.prod-infinitum.com.mx	0	1970-01-01	46	2014-09-14
175	291	176	1500000	160	90	16666.67	0.9	1.15	0.8	0.8	1	0.8	0.53	8832	1	1	187.175.56.100	dsl-187-175-56-100-dyn.prod-infinitum.com.mx	0	1970-01-01	46	2014-09-14
176	288	177	600000	105	75.92	7903.06	0.8	1	1	0.9	1	0.95	0.68	5405.69	1	1	189.133.126.228	dsl-189-133-126-228-dyn.prod-infinitum.com.mx	0	1970-01-01	41	2014-09-17
177	288	178	590000	130	71.46	8256.37	1.2	1	0.99	0.65	0.9	0.95	0.66	5451.11	1	1	189.133.126.228	dsl-189-133-126-228-dyn.prod-infinitum.com.mx	0	1970-01-01	41	2014-09-17
178	288	179	595000	113	80	7437.5	1.2	1	1	0.68	1	0.95	0.78	5765.55	1	1	189.133.126.228	dsl-189-133-126-228-dyn.prod-infinitum.com.mx	0	1970-01-01	41	2014-09-17
179	288	180	580000	73	69	8405.8	1.2	1	0.98	0.7	0.9	0.95	0.7	5916.3	1	1	189.133.126.228	dsl-189-133-126-228-dyn.prod-infinitum.com.mx	0	1970-01-01	41	2014-09-17
180	293	181	600000	105	75.92	7903.06	1.2	0.8	1.09	0.8	0.9	0.95	0.72	5656.51	1	1	189.133.102.205	dsl-189-133-102-205-dyn.prod-infinitum.com.mx	0	1970-01-01	41	2014-09-21
181	293	182	590000	130	71.46	8256.37	1.2	0.8	1.08	0.64	1	0.95	0.63	5204.6	1	1	189.133.102.205	dsl-189-133-102-205-dyn.prod-infinitum.com.mx	0	1970-01-01	41	2014-09-21
182	293	183	595000	113	80	7437.5	1.2	0.8	1.09	0.68	1	0.95	0.68	5027.56	1	1	189.133.102.205	dsl-189-133-102-205-dyn.prod-infinitum.com.mx	0	1970-01-01	41	2014-09-21
183	293	184	580000	73	69	8405.8	1.2	0.8	1.07	0.7	1	0.95	0.68	5741.9	1	1	189.133.102.205	dsl-189-133-102-205-dyn.prod-infinitum.com.mx	0	1970-01-01	41	2014-09-21
184	295	185	149955	750	55	2726.45	1	1	1	1	1	1	1	2726.45	0	1	187.175.59.32	dsl-187-175-59-32-dyn.prod-infinitum.com.mx	0	1970-01-01	46	2014-09-19
185	296	186	110000	96	29.35	3747.87	1	1	1	1	1	1	1	3747.87	0	1	187.175.59.32	dsl-187-175-59-32-dyn.prod-infinitum.com.mx	0	1970-01-01	46	2014-09-19
186	297	187	1500000	2235	360	4166.67	0.9	1	1	0.8	1	0.9	0.65	2700	1	1	187.175.59.32	dsl-187-175-59-32-dyn.prod-infinitum.com.mx	0	1970-01-01	46	2014-09-19
187	297	188	250000	1550	50	5000	0.8	1	1	0.8	1	0.9	0.58	2880	1	1	187.175.59.32	dsl-187-175-59-32-dyn.prod-infinitum.com.mx	0	1970-01-01	46	2014-09-19
188	297	189	260000	168	74	3513.51	1	1	0.9	0.8	1	1	0.72	2529.73	1	1	187.175.59.32	dsl-187-175-59-32-dyn.prod-infinitum.com.mx	0	1970-01-01	46	2014-09-19
189	301	190	185000	228	36	5138.89	0.8	1	0.8	0.8	1	0.8	0.41	2104.89	1	1	187.175.38.210	dsl-187-175-38-210-dyn.prod-infinitum.com.mx	0	1970-01-01	46	2014-09-24
190	301	191	5000000	2846	1376	3633.72	1	1	1	1	1	1	1	3633.72	1	1	187.175.38.210	dsl-187-175-38-210-dyn.prod-infinitum.com.mx	0	1970-01-01	46	2014-09-24
191	301	192	600000	146	123	4878.05	0.9	1	1	1	1	0.95	0.86	4170.73	1	1	187.175.38.210	dsl-187-175-38-210-dyn.prod-infinitum.com.mx	0	1970-01-01	46	2014-09-24
192	307	193	1380000	270	352	3920.45	0.8	1	0.9	0.8	1	0.8	0.46	1806.55	1	1	187.175.36.93	dsl-187-175-36-93-dyn.prod-infinitum.com.mx	0	1970-01-01	46	2014-09-26
193	307	194	675000	122	120	5625	0.8	1	0.8	0.7	1	0.8	0.36	2016	1	1	187.175.36.93	dsl-187-175-36-93-dyn.prod-infinitum.com.mx	0	1970-01-01	46	2014-09-26
194	307	195	350000	440	63	5555.56	0.8	1	0.85	0.7	1	0.83	0.4	2194.89	1	1	187.175.36.93	dsl-187-175-36-93-dyn.prod-infinitum.com.mx	0	1970-01-01	46	2014-09-26
195	310	196	132586	710	87.98	1507	1	1	1	1	1	1	1	1507	0	1	187.175.36.93	dsl-187-175-36-93-dyn.prod-infinitum.com.mx	0	1970-01-01	46	2014-09-26
196	327	197	1500000	2235	360	4166.67	1	1	1	1	1	1	1	4166.67	1	1	189.236.201.23	dsl-189-236-201-23-dyn.prod-infinitum.com.mx	0	1970-01-01	46	2014-09-28
197	327	198	250000	1550	50	5000	1	1	1	1	1	1	1	5000	1	1	189.236.201.23	dsl-189-236-201-23-dyn.prod-infinitum.com.mx	0	1970-01-01	46	2014-09-28
198	327	199	995000	945	297	3350.17	1	1	1	1	1	1	1	3350.17	1	1	189.236.201.23	dsl-189-236-201-23-dyn.prod-infinitum.com.mx	0	1970-01-01	46	2014-09-28
199	331	200	1200000	200	200	6000	0.8	1	0.7	0.7	1	0.7	0.27	1646.4	1	1	189.236.201.23	dsl-189-236-201-23-dyn.prod-infinitum.com.mx	0	1970-01-01	46	2014-09-28
200	331	201	2500000	128	284	8802.82	0.8	1	0.7	0.5	0.9	0.7	0.18	1552.82	1	1	189.236.201.23	dsl-189-236-201-23-dyn.prod-infinitum.com.mx	0	1970-01-01	46	2014-09-28
201	331	202	1350000	270	175	7714.29	0.8	0.8	0.75	0.7	1	0.5	0.17	1296	1	1	189.236.201.23	dsl-189-236-201-23-dyn.prod-infinitum.com.mx	0	1970-01-01	46	2014-09-28
202	336	203	1500000	270	352	4261.36	0.8	1	1	1	1	0.89	0.71	3034.09	1	1	187.175.2.17	dsl-187-175-2-17-dyn.prod-infinitum.com.mx	0	1970-01-01	46	2014-09-29
203	336	204	675000	122	120	5625	0.9	1	0.9	0.8	1	0.9	0.58	3280.5	1	1	187.175.2.17	dsl-187-175-2-17-dyn.prod-infinitum.com.mx	0	1970-01-01	46	2014-09-29
204	336	205	350000	440	63	5555.56	0.8	1	1	0.7	1	0.8	0.45	2488.89	1	1	187.175.2.17	dsl-187-175-2-17-dyn.prod-infinitum.com.mx	0	1970-01-01	46	2014-09-29
205	337	206	675000	122	122	5532.79	0.8	1	0.8	0.65	0.9	0.7	0.26	1450.03	1	1	187.175.2.17	dsl-187-175-2-17-dyn.prod-infinitum.com.mx	0	1970-01-01	46	2014-09-29
206	337	207	330000	440	100	3300	0.8	1	0.8	0.8	0.9	0.8	0.37	1216.51	1	1	187.175.2.17	dsl-187-175-2-17-dyn.prod-infinitum.com.mx	0	1970-01-01	46	2014-09-29
207	337	208	1380000	270	352	3920.45	0.8	1	0.9	0.8	0.9	0.8	0.41	1625.89	1	1	187.175.2.17	dsl-187-175-2-17-dyn.prod-infinitum.com.mx	0	1970-01-01	46	2014-09-29
212	341	213	675000	122	120	5625	0.95	1	0.8	0.7	1	0.8	0.43	2394	1	1	187.175.58.82	dsl-187-175-58-82-dyn.prod-infinitum.com.mx	0	1970-01-01	46	2014-09-30
213	341	214	1380000	270	352	3920.45	0.8	1	0.9	0.8	1	0.8	0.46	1806.55	1	1	187.175.58.82	dsl-187-175-58-82-dyn.prod-infinitum.com.mx	0	1970-01-01	46	2014-09-30
214	341	215	350000	440	63	5555.56	0.8	1	0.85	0.7	1	0.83	0.4	2194.89	1	1	187.175.58.82	dsl-187-175-58-82-dyn.prod-infinitum.com.mx	0	1970-01-01	46	2014-09-30
215	342	216	146200	500	77	1898.7	1	1	1	1	1	1	1	1898.7	0	1	187.175.58.82	dsl-187-175-58-82-dyn.prod-infinitum.com.mx	0	1970-01-01	46	2014-10-01
216	343	217	99319	196.33	85.79	1157.7	1	1	1	1	1	1	1	1157.7	0	1	187.175.58.82	dsl-187-175-58-82-dyn.prod-infinitum.com.mx	0	1970-01-01	46	2014-10-01
217	344	218	91485	58.14	47.65	1919.94	1	1	1	1	1	1	1	1919.94	0	1	187.175.58.82	dsl-187-175-58-82-dyn.prod-infinitum.com.mx	0	1970-01-01	46	2014-10-01
218	349	219	145199	125	73.23	1982.78	1	1	1	1	1	1	1	1982.78	0	1	187.175.58.82	dsl-187-175-58-82-dyn.prod-infinitum.com.mx	0	1970-01-01	46	2014-10-01
219	350	220	850000	170	170	5000	0.9	1	0.9	0.9	1	0.9	0.66	3280.5	1	1	187.175.58.82	dsl-187-175-58-82-dyn.prod-infinitum.com.mx	0	1970-01-01	46	2014-10-01
220	350	221	395000	250	120	3291.67	0.9	1	1	1	1	0.9	0.81	2666.25	1	1	187.175.58.82	dsl-187-175-58-82-dyn.prod-infinitum.com.mx	0	1970-01-01	46	2014-10-01
221	350	222	850000	170	170	5000	0.9	1	0.9	0.9	0.9	0.9	0.59	2952.45	1	1	187.175.58.82	dsl-187-175-58-82-dyn.prod-infinitum.com.mx	0	1970-01-01	46	2014-10-01
222	351	223	850000	170	170	5000	0.9	1	0.9	0.9	1	0.9	0.66	3280.5	0	1	187.175.59.191	dsl-187-175-59-191-dyn.prod-infinitum.com.mx	0	1970-01-01	46	2014-10-06
223	351	224	395000	250	120	3291.67	0.9	1	1	1	1	0.9	0.81	2666.25	0	1	187.175.59.191	dsl-187-175-59-191-dyn.prod-infinitum.com.mx	0	1970-01-01	46	2014-10-06
224	351	225	850000	170	170	5000	0.9	1	0.9	0.9	0.9	0.9	0.59	2952.45	0	1	187.175.59.191	dsl-187-175-59-191-dyn.prod-infinitum.com.mx	0	1970-01-01	46	2014-10-06
225	352	226	310000	108	180	1722.22	1	1	1	1	1	1	1	1722.22	1	1	187.175.58.82	dsl-187-175-58-82-dyn.prod-infinitum.com.mx	0	1970-01-01	46	2014-10-01
226	352	227	250000	144	144	1736.11	1	1	1	1	1	1	1	1736.11	1	1	187.175.58.82	dsl-187-175-58-82-dyn.prod-infinitum.com.mx	0	1970-01-01	46	2014-10-01
227	352	228	1200000	200	200	6000	0.9	1	1	1	1	1	0.9	5400	1	1	187.175.58.82	dsl-187-175-58-82-dyn.prod-infinitum.com.mx	0	1970-01-01	46	2014-10-01
228	356	229	145131	91.6	58.43	2483.84	1	1	1	1	1	1	1	2483.84	0	1	187.175.58.82	dsl-187-175-58-82-dyn.prod-infinitum.com.mx	0	1970-01-01	46	2014-10-02
230	360	231	250000	100	100	2500	1	1	0.98	0.91	0.95	0.85	0.72	1800.32	1	1	187.150.145.58	dsl-187-150-145-58-dyn.prod-infinitum.com.mx	0	1970-01-01	35	2014-10-08
231	358	232	1100000	400	115.6	9515.57	0.6	0.8	0.8	0.8	0.9	0.85	0.24	2236.24	1	1	187.175.70.233	dsl-187-175-70-233-dyn.prod-infinitum.com.mx	0	1970-01-01	46	2014-10-05
232	358	233	350000	440	63	5555.56	0.8	0.8	0.8	0.8	0.95	0.8	0.31	1729.42	1	1	187.175.70.233	dsl-187-175-70-233-dyn.prod-infinitum.com.mx	0	1970-01-01	46	2014-10-05
233	358	234	5000000	2846	1376	3633.72	0.9	1	1	0.7	1	0.82	0.52	1877.18	1	1	187.175.70.233	dsl-187-175-70-233-dyn.prod-infinitum.com.mx	0	1970-01-01	46	2014-10-05
234	361	235	142160	277.5	58.91	2413.17	1	1	1	1	1	1	1	2413.17	0	1	187.175.70.233	dsl-187-175-70-233-dyn.prod-infinitum.com.mx	0	1970-01-01	46	2014-10-05
235	364	236	1550000	150	150	10333.33	0.9	1	0.9	1	1	0.9	0.73	7533	1	1	187.175.59.191	dsl-187-175-59-191-dyn.prod-infinitum.com.mx	0	1970-01-01	46	2014-10-06
236	364	237	1500000	105	165	9090.91	0.8	1	0.9	1	1	0.91	0.66	5956.36	1	1	187.175.59.191	dsl-187-175-59-191-dyn.prod-infinitum.com.mx	0	1970-01-01	46	2014-10-06
237	364	238	600000	146	123	4878.05	0.9	1	1	1	1	1	0.9	4390.24	1	1	187.175.59.191	dsl-187-175-59-191-dyn.prod-infinitum.com.mx	0	1970-01-01	46	2014-10-06
238	365	239	1300000	220	170	7647.06	1	1	1	0.9	1	0.9	0.81	6194.12	1	1	187.175.37.69	dsl-187-175-37-69-dyn.prod-infinitum.com.mx	0	1970-01-01	46	2014-10-07
239	365	240	995000	324	94	10585.11	0.9	1	0.9	0.95	1	0.9	0.69	7330.72	1	1	187.175.37.69	dsl-187-175-37-69-dyn.prod-infinitum.com.mx	0	1970-01-01	46	2014-10-07
240	365	241	815000	92	180	4527.78	0.8	1	0.8	0.9	1	0.8	0.46	2086.4	1	1	187.175.37.69	dsl-187-175-37-69-dyn.prod-infinitum.com.mx	0	1970-01-01	46	2014-10-07
241	360	242	300000	240	240	1250	1	1	1.07	0.78	0.9	0.85	0.64	798.09	1	1	187.150.145.58	dsl-187-150-145-58-dyn.prod-infinitum.com.mx	0	1970-01-01	35	2014-10-08
242	360	243	370000	1800	100	3700	0.8	1	0.98	0.76	0.95	0.85	0.48	1780.22	1	1	187.150.145.58	dsl-187-150-145-58-dyn.prod-infinitum.com.mx	0	1970-01-01	35	2014-10-08
243	373	244	185000	228	36	5138.89	0.6	0.8	0.8	0.8	0.9	0.8	0.22	1136.64	1	1	187.175.5.8	dsl-187-175-5-8-dyn.prod-infinitum.com.mx	0	1970-01-01	46	2014-10-16
244	373	245	5000000	2846	1376	3633.72	0.8	1	1	0.8	1	0.8	0.51	1860.47	1	1	187.175.5.8	dsl-187-175-5-8-dyn.prod-infinitum.com.mx	0	1970-01-01	46	2014-10-16
246	373	247	600000	146	123	4878.05	0.9	1	0.8	0.8	1	0.85	0.49	2388.29	1	1	187.175.5.8	dsl-187-175-5-8-dyn.prod-infinitum.com.mx	0	1970-01-01	46	2014-10-16
251	368	252	880000	120	116	7586.21	0.8	1	0.93	1	1	0.8	0.6	4515.31	1	1	187.150.145.58	dsl-187-150-145-58-dyn.prod-infinitum.com.mx	0	1970-01-01	39	2014-10-14
252	368	253	950000	250	150	6333.33	0.8	1	0.95	0.89	1	0.8	0.54	3427.09	1	1	187.150.145.58	dsl-187-150-145-58-dyn.prod-infinitum.com.mx	0	1970-01-01	39	2014-10-14
253	368	254	650000	144	100	6500	1	1	0.91	0.98	1	0.8	0.71	4637.36	1	1	187.150.145.58	dsl-187-150-145-58-dyn.prod-infinitum.com.mx	0	1970-01-01	39	2014-10-14
254	379	255	1100000	400	116	9482.76	0.95	1	0.9	0.8	0.9	0.9	0.55	5253.83	1	1	187.175.4.67	dsl-187-175-4-67-dyn.prod-infinitum.com.mx	0	1970-01-01	46	2014-10-14
255	379	256	1420000	270	352	4034.09	1	1	1.3	1	1	1	1.3	5244.32	1	1	187.175.4.67	dsl-187-175-4-67-dyn.prod-infinitum.com.mx	0	1970-01-01	46	2014-10-14
256	379	257	1400000	336	160	8750	1	1	0.9	0.9	0.9	0.9	0.66	5740.88	1	1	187.175.4.67	dsl-187-175-4-67-dyn.prod-infinitum.com.mx	0	1970-01-01	46	2014-10-14
257	381	258	1400000	336	160	8750	0.8	0.8	0.9	0.9	0.9	0.8	0.37	3265.92	1	1	187.175.4.67	dsl-187-175-4-67-dyn.prod-infinitum.com.mx	0	1970-01-01	46	2014-10-14
258	381	259	1100000	400	116	9482.76	0.6	0.8	1	0.8	0.9	0.8	0.28	2621.79	1	1	187.175.4.67	dsl-187-175-4-67-dyn.prod-infinitum.com.mx	0	1970-01-01	46	2014-10-14
259	381	260	1450000	525	102	14215.69	0.8	0.8	0.9	0.8	0.9	0.8	0.33	4716.42	1	1	187.175.4.67	dsl-187-175-4-67-dyn.prod-infinitum.com.mx	0	1970-01-01	46	2014-10-14
260	383	261	2050000	200	210	9761.9	1	1	0.9	0.9	1	0.9	0.73	7116.43	1	1	187.175.4.67	dsl-187-175-4-67-dyn.prod-infinitum.com.mx	0	1970-01-01	46	2014-10-14
261	383	262	5000000	2846	1376	3633.72	1	1	1	0.85	1	1	0.85	3088.66	1	1	187.175.4.67	dsl-187-175-4-67-dyn.prod-infinitum.com.mx	0	1970-01-01	46	2014-10-14
262	383	263	1100000	400	116	9482.76	0.8	0.8	1	1	0.95	0.8	0.49	4612.41	1	1	187.175.4.67	dsl-187-175-4-67-dyn.prod-infinitum.com.mx	0	1970-01-01	46	2014-10-14
263	385	264	480000	152	152	3157.89	0.9	1	0.9	0.8	0.9	0.9	0.52	1657.52	1	1	187.175.5.8	dsl-187-175-5-8-dyn.prod-infinitum.com.mx	0	1970-01-01	46	2014-10-16
264	385	265	791160	154	114	6940	0.9	1	0.9	1	1	0.9	0.73	5059.26	1	1	187.175.5.8	dsl-187-175-5-8-dyn.prod-infinitum.com.mx	0	1970-01-01	46	2014-10-16
265	385	266	600000	390	390	1538.46	0.9	1	1	1	1	0.9	0.81	1246.15	1	1	187.175.5.8	dsl-187-175-5-8-dyn.prod-infinitum.com.mx	0	1970-01-01	46	2014-10-16
266	384	267	5500000	200	306	17973.86	1	1	1.05	1.02	1	0.95	1.02	18287.5	1	1	189.133.131.253	dsl-189-133-131-253-dyn.prod-infinitum.com.mx	0	1970-01-01	41	2014-10-16
267	384	268	7200000	300	355	20281.69	1	1	1.05	1	1	0.95	1	20230.99	1	1	189.133.131.253	dsl-189-133-131-253-dyn.prod-infinitum.com.mx	0	1970-01-01	41	2014-10-16
268	384	269	7000000	326.82	340	20588.24	1	1	0.97	1.08	1	0.95	1	20489.82	0	1	189.133.131.253	dsl-189-133-131-253-dyn.prod-infinitum.com.mx	0	1970-01-01	41	2014-10-16
269	384	270	6500000	540	320	20312.5	1	1	1.08	1.05	1	0.95	1.08	21882.66	1	1	189.133.131.253	dsl-189-133-131-253-dyn.prod-infinitum.com.mx	0	1970-01-01	41	2014-10-16
270	386	271	650000	720	720	902.78	1	1	1	1	1	1	1	902.78	1	1	187.175.5.8	dsl-187-175-5-8-dyn.prod-infinitum.com.mx	0	1970-01-01	46	2014-10-16
271	386	272	350000	80	80	4375	1	1	0.8	0.8	1	1	0.64	2800	1	1	187.175.5.8	dsl-187-175-5-8-dyn.prod-infinitum.com.mx	0	1970-01-01	46	2014-10-16
272	386	273	400000	108	108	3703.7	0.95	1	1	1	1	0.89	0.85	3131.48	1	1	187.175.5.8	dsl-187-175-5-8-dyn.prod-infinitum.com.mx	0	1970-01-01	46	2014-10-16
273	388	274	7200000	4000	4000	1800	1	1	1	1	1	1	1	1800	1	1	187.175.5.8	dsl-187-175-5-8-dyn.prod-infinitum.com.mx	0	1970-01-01	46	2014-10-18
274	388	275	675000	121.5	121	5578.51	0.95	1	0.9	0.8	0.9	0.85	0.52	2919.01	1	1	187.175.5.8	dsl-187-175-5-8-dyn.prod-infinitum.com.mx	0	1970-01-01	46	2014-10-18
275	395	276	1100000	400	115.6	9515.57	0.6	0.8	0.8	0.8	0.9	0.8	0.22	2104.69	1	1	189.236.230.167	dsl-189-236-230-167-dyn.prod-infinitum.com.mx	0	1970-01-01	46	2014-10-23
276	395	277	1750000	173	165	10606.06	0.8	1	0.8	1	0.9	0.8	0.46	4887.27	1	1	189.236.230.167	dsl-189-236-230-167-dyn.prod-infinitum.com.mx	0	1970-01-01	46	2014-10-23
277	395	278	1500000	135	136	11029.41	0.9	1	0.9	0.8	1	0.8	0.52	5717.65	1	1	189.236.230.167	dsl-189-236-230-167-dyn.prod-infinitum.com.mx	0	1970-01-01	46	2014-10-23
278	403	279	675000	122	120	5625	1	1	0.9	0.8	1	1	0.72	4050	1	1	187.175.7.239	dsl-187-175-7-239-dyn.prod-infinitum.com.mx	0	1970-01-01	46	2014-10-26
279	403	280	1380000	270	352	3920.45	1	1	1	0.8	1	0.93	0.74	2916.82	1	1	187.175.7.239	dsl-187-175-7-239-dyn.prod-infinitum.com.mx	0	1970-01-01	46	2014-10-26
280	403	281	350000	440	63	5555.56	1	1	1	0.9	1	0.9	0.81	4500	1	1	187.175.7.239	dsl-187-175-7-239-dyn.prod-infinitum.com.mx	0	1970-01-01	46	2014-10-26
281	404	282	1420000	270	352	4034.09	0.9	1	1	1	1	0.85	0.77	3086.08	1	1	187.175.67.30	dsl-187-175-67-30-dyn.prod-infinitum.com.mx	0	1970-01-01	46	2014-11-09
283	404	284	1500000	160	90	16666.67	0.9	1	1	1	0.9	0.8	0.65	10800	0	1	187.175.67.30	dsl-187-175-67-30-dyn.prod-infinitum.com.mx	0	1970-01-01	46	2014-11-09
285	404	286	2500000	150	300	8333.33	0.9	1	0.9	0.9	0.9	0.9	0.59	4920.75	1	1	187.175.67.30	dsl-187-175-67-30-dyn.prod-infinitum.com.mx	0	1970-01-01	46	2014-11-09
286	405	287	1400000	336	160	8750	0.6	0.8	0.8	0.8	0.9	0.79	0.22	1911.17	1	1	187.175.33.11	dsl-187-175-33-11-dyn.prod-infinitum.com.mx	0	1970-01-01	46	2014-10-31
287	405	288	1100000	400	116	9482.76	0.8	0.8	0.8	0.9	0.9	0.82	0.34	3224.81	0	1	187.175.33.11	dsl-187-175-33-11-dyn.prod-infinitum.com.mx	0	1970-01-01	46	2014-10-31
288	405	289	1450000	525	102	14215.69	0.6	0.8	0.8	0.8	0.9	0.7	0.19	2751.25	1	1	187.175.2.78	dsl-187-175-2-78-dyn.prod-infinitum.com.mx	0	1970-01-01	46	2014-10-26
289	407	290	1100000	400	115.6	9515.57	0.6	0.8	1	0.9	0.9	0.8	0.31	2959.72	1	1	187.175.2.78	dsl-187-175-2-78-dyn.prod-infinitum.com.mx	0	1970-01-01	46	2014-10-26
290	407	291	1400000	336	160	8750	0.6	0.8	0.8	0.9	0.9	0.8	0.25	2177.28	1	1	187.175.2.78	dsl-187-175-2-78-dyn.prod-infinitum.com.mx	0	1970-01-01	46	2014-10-26
291	407	292	675000	121.5	120	5625	0.8	1	0.7	0.7	0.9	0.5	0.18	992.25	1	1	187.175.2.78	dsl-187-175-2-78-dyn.prod-infinitum.com.mx	0	1970-01-01	46	2014-10-26
292	414	293	1000000	200	204	4901.96	0.8	0.8	1	1	0.9	1	0.58	2823.53	1	1	187.175.62.45	dsl-187-175-62-45-dyn.prod-infinitum.com.mx	0	1970-01-01	46	2014-11-02
293	414	294	185000	36	36	5138.89	0.8	1	0.8	0.9	1	0.91	0.52	2693.6	1	1	187.175.62.45	dsl-187-175-62-45-dyn.prod-infinitum.com.mx	0	1970-01-01	46	2014-11-02
294	414	295	5490000	150000	600	9150	0.8	1	1	1	0.9	0.8	0.58	5270.4	0	1	187.175.62.45	dsl-187-175-62-45-dyn.prod-infinitum.com.mx	0	1970-01-01	46	2014-11-02
295	418	296	1300000	220	170	7647.06	0.9	1	0.9	0.8	1	0.85	0.55	4212	1	1	189.236.228.91	dsl-189-236-228-91-dyn.prod-infinitum.com.mx	0	1970-01-01	46	2014-11-04
296	418	297	995000	324	94	10585.11	0.9	1	0.9	1	0.9	0.9	0.66	6944.89	0	1	189.236.228.91	dsl-189-236-228-91-dyn.prod-infinitum.com.mx	0	1970-01-01	46	2014-11-04
297	418	298	815000	92	180	4527.78	0.9	1	0.8	1	0.95	0.8	0.55	2477.6	1	1	189.236.228.91	dsl-189-236-228-91-dyn.prod-infinitum.com.mx	0	1970-01-01	46	2014-11-04
298	419	299	1800000	148.75	246.89	7290.7	1	1	0.97	1.03	0.9	0.95	0.85	6227.94	1	1	189.133.80.235	dsl-189-133-80-235-dyn.prod-infinitum.com.mx	0	1970-01-01	41	2014-11-05
299	419	300	1900000	100	213.16	8913.49	1	1	0.94	0.89	0.9	0.95	0.72	6375.76	1	1	189.133.80.235	dsl-189-133-80-235-dyn.prod-infinitum.com.mx	0	1970-01-01	41	2014-11-05
300	419	301	1500000	160	239	6276.15	1.2	1	0.98	1	1	0.95	1.12	7011.72	1	1	189.133.80.235	dsl-189-133-80-235-dyn.prod-infinitum.com.mx	0	1970-01-01	41	2014-11-05
302	424	303	5000000	600	510	9803.92	0.9	1	0.5	0.25	1	0.9	0.1	992.65	1	1	189.133.111.60	dsl-189-133-111-60-dyn.prod-infinitum.com.mx	0	1970-01-01	52	2014-11-07
303	424	304	4850000	510	600	8083.33	0.9	1	0.5	0.2	1	0.9	0.08	654.75	1	1	189.133.111.60	dsl-189-133-111-60-dyn.prod-infinitum.com.mx	0	1970-01-01	52	2014-11-07
304	424	305	5500000	600	600	9166.67	0.9	1	0.6	0.25	1	0.9	0.12	1113.75	1	1	189.133.111.60	dsl-189-133-111-60-dyn.prod-infinitum.com.mx	0	1970-01-01	52	2014-11-07
305	428	306	132546	278.57	96.04	1380.11	1	1	1	1	1	1	1	1380.11	0	1	187.175.68.25	dsl-187-175-68-25-dyn.prod-infinitum.com.mx	0	1970-01-01	46	2014-11-11
306	436	307	650000	146.14	84.31	7709.64	0.8	1	0.8	0.8	0.9	0.8	0.37	2842.08	1	1	189.236.202.152	dsl-189-236-202-152-dyn.prod-infinitum.com.mx	0	1970-01-01	46	2014-12-01
307	436	308	1500000	135	135	11111.11	0.9	1	0.8	0.8	1	0.8	0.46	5120	1	1	189.236.202.152	dsl-189-236-202-152-dyn.prod-infinitum.com.mx	0	1970-01-01	46	2014-12-01
308	436	309	1420000	270	352	4034.09	0.9	1	0.9	0.9	1	0.8	0.58	2352.68	1	1	189.236.202.152	dsl-189-236-202-152-dyn.prod-infinitum.com.mx	0	1970-01-01	46	2014-12-01
309	441	310	2050000	200	210	9761.9	0.9	1	0.8	0.9	1	0.8	0.52	5060.57	0	1	189.236.225.217	dsl-189-236-225-217-dyn.prod-infinitum.com.mx	0	1970-01-01	46	2014-12-11
310	441	311	5000000	2846	1376	3633.72	0.9	1	1	0.85	1	1	0.77	2779.8	1	1	189.236.225.217	dsl-189-236-225-217-dyn.prod-infinitum.com.mx	0	1970-01-01	46	2014-12-11
311	441	312	1100000	400	116	9482.76	0.8	0.8	0.9	0.9	0.9	0.85	0.4	3760.63	1	1	189.236.225.217	dsl-189-236-225-217-dyn.prod-infinitum.com.mx	0	1970-01-01	46	2014-12-11
312	442	313	1380000	270	352	3920.45	0.9	1	1	1	1	0.9	0.81	3175.57	0	1	189.236.200.11	dsl-189-236-200-11-dyn.prod-infinitum.com.mx	0	1970-01-01	46	2014-12-04
313	442	314	675000	122	120	5625	0.9	1	0.9	0.8	0.9	0.85	0.5	2788.43	1	1	189.236.200.11	dsl-189-236-200-11-dyn.prod-infinitum.com.mx	0	1970-01-01	46	2014-12-04
314	442	315	350000	440	63	5555.56	0.8	1	1	1	1	0.8	0.64	3555.56	0	1	189.236.200.11	dsl-189-236-200-11-dyn.prod-infinitum.com.mx	0	1970-01-01	46	2014-12-04
315	443	316	2050000	200	210	9761.9	0.9	1	1	1	1	0.95	0.86	8346.43	1	1	187.175.33.53	dsl-187-175-33-53-dyn.prod-infinitum.com.mx	0	1970-01-01	46	2014-11-23
316	443	317	675000	122	120	5625	1	1	1	0.9	1	1	0.9	5062.5	1	1	187.175.33.53	dsl-187-175-33-53-dyn.prod-infinitum.com.mx	0	1970-01-01	46	2014-11-23
317	443	318	350000	440	63	5555.56	1	1	1	1	1	1	1	5555.56	1	1	187.175.33.53	dsl-187-175-33-53-dyn.prod-infinitum.com.mx	0	1970-01-01	46	2014-11-23
318	444	319	350000	440	63	5555.56	0.9	1	1	0.9	1	0.9	0.73	4050	0	1	189.243.88.91	dsl-189-243-88-91-dyn.prod-infinitum.com.mx	0	1970-01-01	46	2014-12-01
319	444	320	1450000	525	102	14215.69	0.6	0.8	1	0.85	0.9	0.7	0.26	3654	0	1	189.243.88.91	dsl-189-243-88-91-dyn.prod-infinitum.com.mx	0	1970-01-01	46	2014-12-01
320	444	321	550000	900	99	5555.56	0.9	1	1	0.9	1	1	0.81	4500	1	1	187.175.32.250	dsl-187-175-32-250-dyn.prod-infinitum.com.mx	0	1970-01-01	46	2014-11-26
321	447	322	675000	121.5	121	5578.51	0.9	1	0.9	1	0.9	0.9	0.66	3660.06	1	1	187.175.70.55	dsl-187-175-70-55-dyn.prod-infinitum.com.mx	0	1970-01-01	46	2014-11-26
322	447	323	1420000	270	352	4034.09	1	1	1	1	1	1	1	4034.09	1	1	187.175.70.55	dsl-187-175-70-55-dyn.prod-infinitum.com.mx	0	1970-01-01	46	2014-11-26
323	447	324	1500000	160	90	16666.67	1	1.15	1	1	1	1	1.15	19166.67	1	1	187.175.70.55	dsl-187-175-70-55-dyn.prod-infinitum.com.mx	0	1970-01-01	46	2014-11-26
324	451	325	1000000	200	204	4901.96	0.6	0.8	0.9	1	0.9	0.95	0.37	1810.59	1	1	187.175.70.55	dsl-187-175-70-55-dyn.prod-infinitum.com.mx	0	1970-01-01	46	2014-11-27
325	451	326	185000	36	36	5138.89	0.6	0.8	0.8	0.9	0.9	1	0.31	1598.4	1	1	187.175.70.55	dsl-187-175-70-55-dyn.prod-infinitum.com.mx	0	1970-01-01	46	2014-11-27
326	451	327	550000	900	99	5555.56	0.8	1	0.9	0.9	0.9	0.95	0.55	3078	1	1	187.175.70.55	dsl-187-175-70-55-dyn.prod-infinitum.com.mx	0	1970-01-01	46	2014-11-27
327	452	328	1380000	270	352	3920.45	0.9	1	1	1	1	0.85	0.77	2999.15	1	1	187.175.32.161	dsl-187-175-32-161-dyn.prod-infinitum.com.mx	0	1970-01-01	46	2014-12-17
328	452	329	675000	122	120	5625	0.9	1	1	0.8	1	0.9	0.65	3645	0	1	187.175.32.161	dsl-187-175-32-161-dyn.prod-infinitum.com.mx	0	1970-01-01	46	2014-12-17
329	452	330	350000	440	63	5555.56	0.95	1	1	0.9	1	1	0.86	4750	0	1	187.175.32.161	dsl-187-175-32-161-dyn.prod-infinitum.com.mx	0	1970-01-01	46	2014-12-17
330	453	331	1380000	270	352	3920.45	0.9	1	1	0.9	1	0.9	0.73	2858.01	1	1	187.175.70.55	dsl-187-175-70-55-dyn.prod-infinitum.com.mx	0	1970-01-01	46	2014-11-27
331	453	332	675000	122	120	5625	0.9	1	0.9	0.8	0.95	0.8	0.49	2770.2	1	1	187.175.70.55	dsl-187-175-70-55-dyn.prod-infinitum.com.mx	0	1970-01-01	46	2014-11-27
332	453	333	675000	121.5	121	5578.51	0.9	1	0.9	0.7	0.9	0.73	0.37	2078.1	1	1	187.175.70.55	dsl-187-175-70-55-dyn.prod-infinitum.com.mx	0	1970-01-01	46	2014-11-27
333	456	334	990000	188	190	5210.53	0.9	1	0.94	1	1	0.95	0.8	4187.7	1	1	189.133.110.37	dsl-189-133-110-37-dyn.prod-infinitum.com.mx	0	1970-01-01	41	2014-11-28
334	456	335	1200000	63	250	4800	0.9	1	1.04	1.09	1	0.95	0.97	4652.29	1	1	189.133.110.37	dsl-189-133-110-37-dyn.prod-infinitum.com.mx	0	1970-01-01	41	2014-11-28
335	456	336	1350000	123	206	6553.4	0.9	1	1.02	0.94	1	0.95	0.82	5372.31	1	1	189.133.110.37	dsl-189-133-110-37-dyn.prod-infinitum.com.mx	0	1970-01-01	41	2014-11-28
336	456	337	850000	123	179	4748.6	0.95	1	1	0.94	1	0.95	0.85	4028.48	1	1	189.133.110.37	dsl-189-133-110-37-dyn.prod-infinitum.com.mx	0	1970-01-01	41	2014-11-28
337	458	338	675000	122	120	5625	1	1	1	1	1	1	1	5625	1	1	187.175.59.61	dsl-187-175-59-61-dyn.prod-infinitum.com.mx	0	1970-01-01	46	2014-11-30
338	458	339	1380000	270	352	3920.45	1	1	1	1	1	1.8	1.8	7056.82	1	1	187.175.59.61	dsl-187-175-59-61-dyn.prod-infinitum.com.mx	0	1970-01-01	46	2014-11-30
339	458	340	1500000	160	90	16666.67	1	1.15	1	1	1	1	1.15	19166.67	1	1	187.175.59.61	dsl-187-175-59-61-dyn.prod-infinitum.com.mx	0	1970-01-01	46	2014-11-30
340	459	341	675000	122	120	5625	1	1	1	1	1	1.5	1.5	8437.5	1	1	187.175.1.164	dsl-187-175-1-164-dyn.prod-infinitum.com.mx	0	1970-01-01	46	2014-11-30
341	459	342	1380000	270	352	3920.45	1	1	1	1	1	1.7	1.7	6664.77	1	1	187.175.1.164	dsl-187-175-1-164-dyn.prod-infinitum.com.mx	0	1970-01-01	46	2014-11-30
343	459	344	350000	440	63	5555.56	1	1	1.1	1	1	1	1.1	6111.11	1	1	187.175.1.164	dsl-187-175-1-164-dyn.prod-infinitum.com.mx	0	1970-01-01	46	2014-11-30
344	460	345	675000	122	120	5625	1	1	1	1	1	2	2	11250	1	1	187.175.1.164	dsl-187-175-1-164-dyn.prod-infinitum.com.mx	0	1970-01-01	46	2014-11-30
345	460	346	1380000	270	352	3920.45	1	1	1.1	1	1	2	2.2	8625	1	1	187.175.1.164	dsl-187-175-1-164-dyn.prod-infinitum.com.mx	0	1970-01-01	46	2014-11-30
346	460	347	1500000	160	90	16666.67	1	1.15	1	1	1	1.1	1.27	21083.33	1	1	187.175.1.164	dsl-187-175-1-164-dyn.prod-infinitum.com.mx	0	1970-01-01	46	2014-11-30
347	462	348	1380000	270	352	3920.45	0.9	1	1	0.9	1	0.9	0.73	2858.01	1	1	189.236.200.13	dsl-189-236-200-13-dyn.prod-infinitum.com.mx	0	1970-01-01	46	2014-12-01
348	462	349	675000	122	120	5625	0.9	1	0.95	0.8	0.9	0.9	0.55	3116.48	1	1	189.236.200.13	dsl-189-236-200-13-dyn.prod-infinitum.com.mx	0	1970-01-01	46	2014-12-01
349	462	350	350000	440	63	5555.56	0.8	0.8	1	1	0.9	0.8	0.46	2560	1	1	189.236.200.13	dsl-189-236-200-13-dyn.prod-infinitum.com.mx	0	1970-01-01	46	2014-12-01
350	463	351	350000	440	63	5555.56	1	1	1	1	1	1.05	1.05	5833.33	1	1	189.243.88.91	dsl-189-243-88-91-dyn.prod-infinitum.com.mx	0	1970-01-01	46	2014-12-01
351	463	352	1450000	525	102	14215.69	0.6	0.8	1	0.85	0.9	0.7	0.26	3654	0	1	189.243.88.91	dsl-189-243-88-91-dyn.prod-infinitum.com.mx	0	1970-01-01	46	2014-12-01
352	463	353	550000	900	99	5555.56	1	1	1	1	1	1	1	5555.56	1	1	189.243.88.91	dsl-189-243-88-91-dyn.prod-infinitum.com.mx	0	1970-01-01	46	2014-12-01
353	472	354	675000	122	120	5625	1	1	1	1	1	1.03	1.03	5793.75	1	1	189.236.200.11	dsl-189-236-200-11-dyn.prod-infinitum.com.mx	0	1970-01-01	46	2014-12-04
354	472	355	1420000	270	352	4034.09	1	1	1	1	1	1.15	1.15	4639.2	1	1	189.236.200.11	dsl-189-236-200-11-dyn.prod-infinitum.com.mx	0	1970-01-01	46	2014-12-04
355	472	356	1500000	134.75	135.43	11075.83	1	1	1	1	1	1	1	11075.83	1	1	189.236.200.11	dsl-189-236-200-11-dyn.prod-infinitum.com.mx	0	1970-01-01	46	2014-12-04
356	473	357	2000000	360	216	9259.26	0.8	1	1	0.9	1	0.82	0.59	5466.67	1	1	189.236.200.11	dsl-189-236-200-11-dyn.prod-infinitum.com.mx	0	1970-01-01	46	2014-12-04
357	473	358	3300000	430	376	8776.6	0.9	1	1	0.8	1	0.85	0.61	5371.28	1	1	189.236.200.11	dsl-189-236-200-11-dyn.prod-infinitum.com.mx	0	1970-01-01	46	2014-12-04
358	473	359	330000	440	100	3300	0.8	1	1	0.9	1	0.8	0.58	1900.8	1	1	189.236.200.11	dsl-189-236-200-11-dyn.prod-infinitum.com.mx	0	1970-01-01	46	2014-12-04
359	474	360	1750000	105	165	10606.06	0.9	1	0.9	0.9	0.9	0.9	0.59	6262.77	1	1	189.236.200.11	dsl-189-236-200-11-dyn.prod-infinitum.com.mx	0	1970-01-01	46	2014-12-04
360	474	361	2050000	200	210	9761.9	0.9	1	1	1	1	0.93	0.84	8170.71	1	1	189.236.200.11	dsl-189-236-200-11-dyn.prod-infinitum.com.mx	0	1970-01-01	46	2014-12-04
361	474	362	1980000	170	180	11000	1	1	1	1	1	1	1	11000	0	1	189.236.200.11	dsl-189-236-200-11-dyn.prod-infinitum.com.mx	0	1970-01-01	46	2014-12-04
362	475	363	1750000	105	165	10606.06	0.9	1	0.9	0.9	0.9	0.9	0.59	6262.77	1	1	189.236.200.11	dsl-189-236-200-11-dyn.prod-infinitum.com.mx	0	1970-01-01	46	2014-12-04
363	475	364	2050000	200	210	9761.9	0.9	1	1	1	1	0.93	0.84	8170.71	1	1	189.236.200.11	dsl-189-236-200-11-dyn.prod-infinitum.com.mx	0	1970-01-01	46	2014-12-04
364	475	365	1980000	170	180	11000	1	1	1	1	1	1	1	11000	0	1	189.236.200.11	dsl-189-236-200-11-dyn.prod-infinitum.com.mx	0	1970-01-01	46	2014-12-04
365	480	366	1420000	270	352	4034.09	0.95	1	1	0.9	1	0.95	0.81	3276.69	1	1	187.175.68.14	dsl-187-175-68-14-dyn.prod-infinitum.com.mx	0	1970-01-01	46	2014-12-06
366	480	367	1500000	160	90	16666.67	1	1.15	1	0.9	1	1	1.04	17250	1	1	187.175.68.14	dsl-187-175-68-14-dyn.prod-infinitum.com.mx	0	1970-01-01	46	2014-12-06
367	480	368	675000	121.5	120	5625	0.9	1	0.9	0.9	1	0.9	0.66	3690.56	1	1	187.175.68.14	dsl-187-175-68-14-dyn.prod-infinitum.com.mx	0	1970-01-01	46	2014-12-06
368	485	369	1400000	336	160	8750	0.9	1	1	0.8	1	0.9	0.65	5670	1	1	189.236.230.200	dsl-189-236-230-200-dyn.prod-infinitum.com.mx	0	1970-01-01	46	2014-12-08
369	485	370	1450000	525	102	14215.69	0.8	1	1	0.8	1	0.9	0.58	8188.24	0	1	189.243.88.59	dsl-189-243-88-59-dyn.prod-infinitum.com.mx	0	1970-01-01	46	2014-12-24
370	485	371	500000	900	100	5000	0.9	1	1	0.9	1	0.9	0.73	3645	1	1	189.243.88.59	dsl-189-243-88-59-dyn.prod-infinitum.com.mx	0	1970-01-01	46	2014-12-24
371	496	372	1700000	130	201	8457.71	0.8	1	0.8	0.85	0.9	0.78	0.38	3229.9	1	1	189.236.202.15	dsl-189-236-202-15-dyn.prod-infinitum.com.mx	0	1970-01-01	46	2014-12-16
372	496	373	1350000	122.5	205.5	6569.34	0.8	1	0.9	0.85	0.9	0.8	0.44	2894.72	1	1	189.236.202.15	dsl-189-236-202-15-dyn.prod-infinitum.com.mx	0	1970-01-01	46	2014-12-16
373	496	374	2400000	340	290	8275.86	0.8	1	1	0.8	0.9	0.8	0.46	3813.52	0	1	189.236.202.15	dsl-189-236-202-15-dyn.prod-infinitum.com.mx	0	1970-01-01	46	2014-12-16
374	506	375	0	0	0	0	0	0	0	0	0	0	0	0	1	1			0	1970-01-01	0	1970-01-01
375	508	376	1500000	160	90	16666.67	1	1	0.9	0.8	0.95	1	0.68	11400	1	1	187.175.39.177	dsl-187-175-39-177-dyn.prod-infinitum.com.mx	0	1970-01-01	46	2015-01-04
376	508	377	675000	121.5	120	5625	0.95	1	0.95	0.9	1	0.9	0.73	4112.02	1	1	187.175.39.177	dsl-187-175-39-177-dyn.prod-infinitum.com.mx	0	1970-01-01	46	2015-01-04
377	508	378	1420000	270	352	4034.09	0.95	1	1	0.9	1	0.9	0.77	3104.23	1	1	187.175.39.177	dsl-187-175-39-177-dyn.prod-infinitum.com.mx	0	1970-01-01	46	2015-01-04