129	130	0	0	0	0	0	0	0	0	0	0	0	0	0	0	0	1	189.133.203.0	189.133.203.0	0	01/01/70 0:00	1	23/07/14 18:47
130	131	0	3497.06	3497	0	0	0	0	0	0	166.5	1	582250	0	0	0	1	189.133.203.0	189.133.203.0	0	01/01/70 0:00	1	23/07/14 15:18
132	133	0	2280.85	2281	0	0	0	0	0	0	225	0	513230	0	0	0	1	189.133.70.205	dsl-189-133-70-205-dyn.prod-infinitum.com.mx	0	01/01/70 0:00	1	24/07/14 21:44
133	134	0	825	800	0	0	0	0	0	0	408.15	0	326520	0	0	0	1	189.133.85.195	dsl-189-133-85-195-dyn.prod-infinitum.com.mx	0	01/01/70 0:00	41	04/08/14 0:44
134	135	0	2403.77	2404	0	0	0	0	0	0	0	46.9	0	0	0	0	1	189.133.124.206	dsl-189-133-124-206-dyn.prod-infinitum.com.mx	0	01/01/70 0:00	41	31/07/14 0:01
135	136	0	0	0	0	0	0	0	0	0	0	475.79	0	0	0	0	1			0	01/01/70 0:00	0	01/01/70 0:00
136	137	8100.76	1220.74	1221	4878.05	10333.33	9489.59	5697.56	12954.55	0	0	91.1	864500	0	0	0	1	187.175.60.50	dsl-187-175-60-50-dyn.prod-infinitum.com.mx	0	01/01/70 0:00	46	01/08/14 20:13
137	138	11090.96	5343.96	5344	9722.22	12054.42	6125.66	5755.38	6362.04	0	0	78.94	483560	0	0	0	1	189.133.85.195	dsl-189-133-85-195-dyn.prod-infinitum.com.mx	0	01/01/70 0:00	41	02/08/14 13:11
138	139	0	1.19	1	0	0	0	0	0	0	0	0	0	0	0	0	1			0	01/01/70 0:00	0	01/01/70 0:00
139	140	0	0	0	0	0	0	0	0	0	0	0	0	0	0	0	1			0	01/01/70 0:00	0	01/01/70 0:00
140	141	7269.95	2617.06	2617	6315.79	7894.74	6215.81	5400	6750	0	105	214.09	1330740	0	0	0	1	189.236.68.82	dsl-189-236-68-82-dyn.prod-infinitum.com.mx	0	01/01/70 0:00	41	15/08/14 7:06
141	142	0	0	0	0	0	0	0	0	0	326.79	0	0	0	0	0	1	187.175.6.74	dsl-187-175-6-74-dyn.prod-infinitum.com.mx	0	01/01/70 0:00	46	04/08/14 22:00
142	143	0	0	0	0	0	0	0	0	0	184	0	0	0	0	0	1	187.175.57.92	dsl-187-175-57-92-dyn.prod-infinitum.com.mx	0	01/01/70 0:00	46	04/08/14 15:10
143	144	0	0	0	0	0	0	0	0	0	332	0	0	0	0	0	1	187.175.57.92	dsl-187-175-57-92-dyn.prod-infinitum.com.mx	0	01/01/70 0:00	46	04/08/14 15:21
144	145	0	134.82	100	0	0	0	0	0	0	0	104.83	0	0	0	0	1	187.175.57.92	dsl-187-175-57-92-dyn.prod-infinitum.com.mx	0	01/01/70 0:00	46	04/08/14 15:05
145	146	0	0	0	0	0	0	0	0	0	2541.53	0	0	0	0	0	1	189.243.89.9	dsl-189-243-89-9-dyn.prod-infinitum.com.mx	0	01/01/70 0:00	46	04/08/14 16:26
146	147	0	0	0	0	0	0	0	0	0	4657.6	0	0	0	0	0	1	189.243.89.9	dsl-189-243-89-9-dyn.prod-infinitum.com.mx	0	01/01/70 0:00	46	04/08/14 16:48
147	148	0	0	0	0	0	0	0	0	0	10000	0	0	0	0	0	1	189.243.89.9	dsl-189-243-89-9-dyn.prod-infinitum.com.mx	0	01/01/70 0:00	46	04/08/14 18:04
148	149	0	0	0	0	0	0	0	0	0	786.44	0	0	0	0	0	1	187.175.6.74	dsl-187-175-6-74-dyn.prod-infinitum.com.mx	0	01/01/70 0:00	46	04/08/14 19:34
149	150	0	0	0	0	0	0	0	0	0	4604.64	0	0	0	0	0	1	187.175.6.74	dsl-187-175-6-74-dyn.prod-infinitum.com.mx	0	01/01/70 0:00	46	04/08/14 19:55
151	152	7647.06	179.58	200	7647.06	7647.06	1785.37	1785.37	1785.37	0	0	116.4	207820	0	0	0	1	187.175.6.74	dsl-187-175-6-74-dyn.prod-infinitum.com.mx	0	01/01/70 0:00	46	05/08/14 16:57
152	153	0	0	0	0	0	0	0	0	0	150	0	0	0	0	0	1	187.175.6.74	dsl-187-175-6-74-dyn.prod-infinitum.com.mx	0	01/01/70 0:00	46	05/08/14 14:57
153	154	0	0	0	0	0	0	0	0	0	150	0	0	0	0	0	1	187.175.6.74	dsl-187-175-6-74-dyn.prod-infinitum.com.mx	0	01/01/70 0:00	46	05/08/14 15:06
154	155	0	0	0	0	0	0	0	0	0	259.4	0	0	0	0	0	1	187.175.6.74	dsl-187-175-6-74-dyn.prod-infinitum.com.mx	0	01/01/70 0:00	46	05/08/14 15:19
155	156	0	0	0	0	0	0	0	0	0	288	0	0	0	0	0	1	187.175.6.74	dsl-187-175-6-74-dyn.prod-infinitum.com.mx	0	01/01/70 0:00	46	05/08/14 15:30
156	157	0	0	0	0	0	0	0	0	0	279.6	0	0	0	0	0	1	187.175.6.74	dsl-187-175-6-74-dyn.prod-infinitum.com.mx	0	01/01/70 0:00	46	05/08/14 20:51
157	158	0	0	0	0	0	0	0	0	0	0	68	0	0	0	0	1	187.175.6.74	dsl-187-175-6-74-dyn.prod-infinitum.com.mx	0	01/01/70 0:00	46	05/08/14 21:07
158	159	0	248.87	200	0	0	0	0	0	0	44045	0	8809000	0	0	0	1	187.175.6.74	dsl-187-175-6-74-dyn.prod-infinitum.com.mx	0	01/01/70 0:00	46	06/08/14 13:43
159	160	0	0	0	0	0	0	0	0	0	0	69.86	0	0	0	0	1	187.175.6.74	dsl-187-175-6-74-dyn.prod-infinitum.com.mx	0	01/01/70 0:00	46	06/08/14 12:03
160	161	0	0	0	0	0	0	0	0	0	197.43	0	0	0	0	0	1	187.175.6.74	dsl-187-175-6-74-dyn.prod-infinitum.com.mx	0	01/01/70 0:00	46	06/08/14 12:26
161	162	0	0	0	0	0	0	0	0	0	4484.5	0	0	0	0	0	1	187.175.6.74	dsl-187-175-6-74-dyn.prod-infinitum.com.mx	0	01/01/70 0:00	46	06/08/14 12:43
162	163	0	0	0	0	0	0	0	0	0	4913.1	0	0	0	0	0	1	187.175.6.74	dsl-187-175-6-74-dyn.prod-infinitum.com.mx	0	01/01/70 0:00	46	06/08/14 12:59
163	164	0	248.87	200	0	0	0	0	0	0	44045	0	8809000	0	0	0	1	187.175.6.74	dsl-187-175-6-74-dyn.prod-infinitum.com.mx	0	01/01/70 0:00	46	06/08/14 15:12
164	165	3633.72	172.09	200	3633.72	3633.72	2925.15	2925.15	2925.15	0	0	153.92	450240	0	0	0	1	187.175.64.113	dsl-187-175-64-113-dyn.prod-infinitum.com.mx	0	01/01/70 0:00	46	08/08/14 17:39
165	166	3633.72	173.62	200	3633.72	3633.72	1525.42	1525.42	1525.42	0	0	311.21	474730	0	0	0	1	187.175.64.113	dsl-187-175-64-113-dyn.prod-infinitum.com.mx	0	01/01/70 0:00	46	08/08/14 18:10
166	167	0	0	0	0	0	0	0	0	0	2541.54	0	0	0	0	0	1	187.175.70.19	dsl-187-175-70-19-dyn.prod-infinitum.com.mx	0	01/01/70 0:00	46	06/08/14 17:43
168	169	0	0	0	0	0	0	0	0	0	759.77	0	0	0	0	0	1	187.175.70.19	dsl-187-175-70-19-dyn.prod-infinitum.com.mx	0	01/01/70 0:00	46	06/08/14 17:44
169	170	0	0	0	0	0	0	0	0	0	777.6	0	0	0	0	0	1	187.175.70.19	dsl-187-175-70-19-dyn.prod-infinitum.com.mx	0	01/01/70 0:00	46	06/08/14 17:44
170	171	4827.75	326.95	300	3316.67	7653.06	3270.68	2149.2	4959.18	0	0	92.57	302770	0	0	0	1	187.187.44.202	customer-mred-202.static.metrored.net.mx	0	01/01/70 0:00	9	06/08/14 20:07
171	172	0	1490.58	1491	0	0	0	0	0	0	0	0	0	0	0	0	1	187.187.44.202	customer-mred-202.static.metrored.net.mx	0	01/01/70 0:00	9	08/08/14 9:21
172	173	0	0	0	0	0	0	0	0	0	172.89	0	0	0	0	0	1	187.175.37.178	dsl-187-175-37-178-dyn.prod-infinitum.com.mx	0	01/01/70 0:00	46	07/08/14 18:08
173	174	0	0	0	0	0	0	0	0	0	106.34	0	0	0	0	0	1	187.175.37.178	dsl-187-175-37-178-dyn.prod-infinitum.com.mx	0	01/01/70 0:00	46	07/08/14 18:06
174	175	0	0	0	0	0	0	0	0	0	73.08	0	0	0	0	0	1	187.175.37.178	dsl-187-175-37-178-dyn.prod-infinitum.com.mx	0	01/01/70 0:00	46	07/08/14 18:18
175	176	0	0	0	0	0	0	0	0	0	1045.92	0	0	0	0	0	1	187.175.64.113	dsl-187-175-64-113-dyn.prod-infinitum.com.mx	0	01/01/70 0:00	46	07/08/14 23:05
176	177	0	0	0	0	0	0	0	0	0	800	0	0	0	0	0	1	187.175.64.113	dsl-187-175-64-113-dyn.prod-infinitum.com.mx	0	01/01/70 0:00	46	07/08/14 23:18
177	178	0	0	0	0	0	0	0	0	0	400	0	0	0	0	0	1	187.175.64.113	dsl-187-175-64-113-dyn.prod-infinitum.com.mx	0	01/01/70 0:00	46	07/08/14 23:27
178	179	0	0	0	0	0	0	0	0	0	498.2	0	0	0	0	0	1	187.175.64.113	dsl-187-175-64-113-dyn.prod-infinitum.com.mx	0	01/01/70 0:00	46	07/08/14 23:35
179	180	0	0	0	0	0	0	0	0	0	200	0	0	0	0	0	1	187.175.66.193	dsl-187-175-66-193-dyn.prod-infinitum.com.mx	0	01/01/70 0:00	46	18/08/14 20:07
180	181	0	0	0	0	0	0	0	0	0	956.35	0	0	0	0	0	1	187.175.60.139	dsl-187-175-60-139-dyn.prod-infinitum.com.mx	0	01/01/70 0:00	46	12/08/14 13:55
181	182	0	0	0	0	0	0	0	0	0	300	0	0	0	0	0	1	187.175.64.113	dsl-187-175-64-113-dyn.prod-infinitum.com.mx	0	01/01/70 0:00	46	08/08/14 12:38
182	183	0	0	0	0	0	0	0	0	0	107.9	0	0	0	0	0	1	187.175.64.113	dsl-187-175-64-113-dyn.prod-infinitum.com.mx	0	01/01/70 0:00	46	08/08/14 12:38
183	184	0	1861.78	1862	0	0	0	0	0	0	98	0	182480	0	0	0	1	189.133.84.192	dsl-189-133-84-192-dyn.prod-infinitum.com.mx	0	01/01/70 0:00	52	09/08/14 23:12
184	185	9439.66	504.15	500	9439.66	9439.66	3624.83	3624.83	3624.83	0	0	100	362480	0	0	0	1	187.175.64.113	dsl-187-175-64-113-dyn.prod-infinitum.com.mx	0	01/01/70 0:00	46	09/08/14 12:22
185	186	0	0	0	0	0	0	0	0	0	1444.78	0	0	0	0	0	1	187.187.44.202	customer-mred-202.static.metrored.net.mx	0	01/01/70 0:00	9	09/08/14 14:13
186	187	0	0	0	0	0	0	0	0	0	0	0	0	0	0	0	1			0	01/01/70 0:00	0	01/01/70 0:00
187	188	0	0	0	0	0	0	0	0	0	1128.01	0	0	0	0	0	1	187.175.64.113	dsl-187-175-64-113-dyn.prod-infinitum.com.mx	0	01/01/70 0:00	46	10/08/14 18:36
188	189	0	0	0	0	0	0	0	0	0	1128.01	0	0	0	0	0	1	187.175.64.113	dsl-187-175-64-113-dyn.prod-infinitum.com.mx	0	01/01/70 0:00	46	10/08/14 18:37
189	190	0	0	0	0	0	0	0	0	0	0	147.84	0	0	0	0	1	187.187.44.202	customer-mred-202.static.metrored.net.mx	0	01/01/70 0:00	9	11/08/14 10:27
190	191	0	753.26	800	0	0	0	0	0	0	105	0	84000	0	0	0	1	189.133.132.209	dsl-189-133-132-209-dyn.prod-infinitum.com.mx	0	01/01/70 0:00	41	13/08/14 21:27
191	192	6919.87	250.68	300	5555.56	9259.26	5688.43	4750	7500	0	0	815.74	4640280	0	0	0	1	187.175.60.139	dsl-187-175-60-139-dyn.prod-infinitum.com.mx	0	01/01/70 0:00	46	12/08/14 16:47
192	193	0	0	0	0	0	0	0	0	0	0	0	0	0	0	0	1			0	01/01/70 0:00	0	01/01/70 0:00
193	194	0	0	0	0	0	0	0	0	0	1510	150	0	0	0	0	1	187.175.60.139	dsl-187-175-60-139-dyn.prod-infinitum.com.mx	0	01/01/70 0:00	46	12/08/14 19:37
194	195	0	0	0	0	0	0	0	0	0	0	0	0	0	0	0	1			0	01/01/70 0:00	0	01/01/70 0:00
195	196	0	340.89	300	0	0	0	0	0	0	115.852	130.75	0	0	0	0	1	189.133.87.176	dsl-189-133-87-176-dyn.prod-infinitum.com.mx	0	01/01/70 0:00	41	06/10/14 15:16
197	198	0	686.99	700	0	0	0	0	0	0	299.1	0	209370	0	0	0	1	189.133.88.15	dsl-189-133-88-15-dyn.prod-infinitum.com.mx	0	01/01/70 0:00	41	27/08/14 18:17
198	199	0	803.46	800	0	0	0	0	0	0	0	40.89	0	0	0	0	1	189.236.68.82	dsl-189-236-68-82-dyn.prod-infinitum.com.mx	0	01/01/70 0:00	41	16/08/14 1:24
199	200	0	0	0	0	0	0	0	0	0	0	0	0	0	0	0	1	177.233.66.134	host-177-233-66-134.static.metrored.net.mx	0	01/01/70 0:00	9	15/08/14 18:07
200	201	0	0	0	0	0	0	0	0	0	0	0	0	0	0	0	1			0	01/01/70 0:00	0	01/01/70 0:00
201	202	0	0	0	0	0	0	0	0	0	0	0	0	0	0	0	1			0	01/01/70 0:00	0	01/01/70 0:00
202	203	15992.06	7884.09	7884	14285.71	17500	17224.57	14779.29	19033.93	0	0	91.86	1582250	0	0	0	1	189.133.136.0	189.133.136.0	0	01/01/70 0:00	52	20/08/14 23:23
203	204	8383.4	978.46	1000	4034.09	15243.9	5426.03	2468.86	10426.83	0	0	183.14	993720	0	0	0	1	187.175.37.226	dsl-187-175-37-226-dyn.prod-infinitum.com.mx	0	01/01/70 0:00	46	20/08/14 12:15
205	206	0	0	0	0	0	0	0	0	0	0	91	0	0	0	0	1	187.175.69.51	dsl-187-175-69-51-dyn.prod-infinitum.com.mx	0	01/01/70 0:00	46	28/08/14 17:46
206	207	7759.58	1140.05	1140	4034.09	9761.9	4801.71	3630.68	6404.79	0	0	156.54	751660	0	0	0	1	187.175.69.51	dsl-187-175-69-51-dyn.prod-infinitum.com.mx	0	01/01/70 0:00	46	28/08/14 17:03
207	208	0	447.47	400	0	0	0	0	0	0	800	0	320000	0	0	0	1	187.175.69.51	dsl-187-175-69-51-dyn.prod-infinitum.com.mx	0	01/01/70 0:00	46	28/08/14 17:17
208	209	0	0	0	0	0	0	0	0	0	9019.28	0	0	0	0	0	1	177.233.66.134	host-177-233-66-134.static.metrored.net.mx	0	01/01/70 0:00	9	04/09/14 11:34
209	210	0	0	0	0	0	0	0	0	0	0	0	0	0	0	0	1			0	01/01/70 0:00	0	01/01/70 0:00
210	211	0	5413.55	5414	0	0	0	0	0	0	68.295	0	369750	0	0	0	1	189.236.254.45	dsl-189-236-254-45-dyn.prod-infinitum.com.mx	0	01/01/70 0:00	52	02/09/14 21:25
211	212	0	73.07	70	0	0	0	0	0	0	8900	0	623000	0	0	0	1	187.175.1.141	dsl-187-175-1-141-dyn.prod-infinitum.com.mx	0	01/01/70 0:00	46	25/08/14 21:55
212	213	0	0	0	0	0	0	0	0	0	0	43.03	0	0	0	0	1	187.175.1.141	dsl-187-175-1-141-dyn.prod-infinitum.com.mx	0	01/01/70 0:00	46	25/08/14 22:45
213	214	14232.38	5989.69	5990	12903.23	15277.78	14367.19	13483.87	15965.28	0	0	93.5	1343330	0	0	0	1	189.236.71.216	dsl-189-236-71-216-dyn.prod-infinitum.com.mx	0	01/01/70 0:00	52	27/08/14 22:56
214	215	0	0	0	0	0	0	0	0	0	3150.31	0	0	0	0	0	1	189.243.89.154	dsl-189-243-89-154-dyn.prod-infinitum.com.mx	0	01/01/70 0:00	46	26/08/14 15:42
215	216	0	0	0	0	0	0	0	0	0	1091.7	0	0	0	0	0	1	187.175.3.127	dsl-187-175-3-127-dyn.prod-infinitum.com.mx	0	01/01/70 0:00	46	26/08/14 22:04
216	217	0	0	0	0	0	0	0	0	0	846.5	0	0	0	0	0	1	187.175.3.127	dsl-187-175-3-127-dyn.prod-infinitum.com.mx	0	01/01/70 0:00	46	26/08/14 22:08
217	218	0	0	0	0	0	0	0	0	0	392	0	0	0	0	0	1	187.175.3.127	dsl-187-175-3-127-dyn.prod-infinitum.com.mx	0	01/01/70 0:00	46	26/08/14 22:02
218	219	0	0	0	0	0	0	0	0	0	179.58	0	0	0	0	0	1	187.175.3.127	dsl-187-175-3-127-dyn.prod-infinitum.com.mx	0	01/01/70 0:00	46	26/08/14 22:06
219	220	0	0	0	0	0	0	0	0	0	52.19	0	0	0	0	0	1	187.175.68.161	dsl-187-175-68-161-dyn.prod-infinitum.com.mx	0	01/01/70 0:00	46	03/09/14 0:20
220	221	0	0	0	0	0	0	0	0	0	0	0	0	0	0	0	1			0	01/01/70 0:00	0	01/01/70 0:00
221	222	0	0	0	0	0	0	0	0	0	139.88	0	0	0	0	0	1	187.175.69.51	dsl-187-175-69-51-dyn.prod-infinitum.com.mx	0	01/01/70 0:00	46	27/08/14 23:15
222	223	8100.76	1149.86	1150	4878.05	10333.33	5668.38	2844.88	7533	0	0	91.1	516390	0	0	0	1	187.175.69.51	dsl-187-175-69-51-dyn.prod-infinitum.com.mx	0	01/01/70 0:00	46	28/08/14 19:32
223	224	0	0	0	0	0	0	0	0	0	5000	0	0	0	0	0	1	187.175.33.35	dsl-187-175-33-35-dyn.prod-infinitum.com.mx	0	01/01/70 0:00	46	29/08/14 6:25
224	225	0	615.82	600	0	0	0	0	0	0	270	0	162000	0	0	0	1	189.133.88.15	dsl-189-133-88-15-dyn.prod-infinitum.com.mx	0	01/01/70 0:00	41	29/08/14 14:17
225	226	6619.01	1094.07	1094	6000	7750	5743.44	5198.4	7090.09	0	0	221.57	1272580	0	0	0	1	187.175.26.248	dsl-187-175-26-248-dyn.prod-infinitum.com.mx	0	01/01/70 0:00	41	01/09/14 11:04
226	227	10306.98	4845.3	4845	6276.15	13833.99	5252.28	3615.06	8267.19	0	0	66.64	350010	0	0	0	1	187.175.33.35	dsl-187-175-33-35-dyn.prod-infinitum.com.mx	0	01/01/70 0:00	46	29/08/14 16:02
227	228	8575.79	813.13	800	7083.33	11333.33	5155.33	4647.37	6022.08	0	0	42.75	220390	0	0	0	1	187.175.33.35	dsl-187-175-33-35-dyn.prod-infinitum.com.mx	0	01/01/70 0:00	46	29/08/14 19:04
228	229	0	0	0	0	0	0	0	0	0	129.78	0	0	0	0	0	1	187.175.33.35	dsl-187-175-33-35-dyn.prod-infinitum.com.mx	0	01/01/70 0:00	46	29/08/14 19:50
229	230	0	0	0	0	0	0	0	0	0	127.75	0	0	0	0	0	1	187.175.33.35	dsl-187-175-33-35-dyn.prod-infinitum.com.mx	0	01/01/70 0:00	46	29/08/14 20:01
230	231	0	0	0	0	0	0	0	0	0	0	39.75	0	0	0	0	1	187.175.33.35	dsl-187-175-33-35-dyn.prod-infinitum.com.mx	0	01/01/70 0:00	46	29/08/14 22:30
231	232	0	0	0	0	0	0	0	0	0	0	0	0	0	0	0	1			0	01/01/70 0:00	0	01/01/70 0:00
232	233	6396.95	19.94	20	4901.96	9150	7006.95	4901.96	10980	0	0	45	315310	0	0	0	1	187.175.33.35	dsl-187-175-33-35-dyn.prod-infinitum.com.mx	0	01/01/70 0:00	46	30/08/14 21:58
233	234	0	22.99	20	0	0	0	0	0	0	0	45	0	0	0	0	1	187.175.68.161	dsl-187-175-68-161-dyn.prod-infinitum.com.mx	0	01/01/70 0:00	46	02/09/14 22:06
234	235	0	59.77	60	0	0	0	0	0	0	2679.9	0	160790	0	0	0	1	177.233.66.134	host-177-233-66-134.static.metrored.net.mx	0	01/01/70 0:00	9	31/08/14 12:08
235	236	0	179.33	200	0	0	0	0	0	0	300	0	60000	0	0	0	1	177.233.66.134	host-177-233-66-134.static.metrored.net.mx	0	01/01/70 0:00	9	31/08/14 12:30
236	237	0	13.61	10	0	0	0	0	0	0	5039.8	0	50400	0	0	0	1	177.233.66.134	host-177-233-66-134.static.metrored.net.mx	0	01/01/70 0:00	9	31/08/14 13:08
237	238	6824.37	749.52	700	3636.36	9693.88	3790.91	3272.73	4397.14	0	0	138	0	0	0	0	1	177.233.66.134	host-177-233-66-134.static.metrored.net.mx	0	01/01/70 0:00	9	31/08/14 14:19
238	239	0	0	0	0	0	0	0	0	0	0	0	0	0	0	0	1			0	01/01/70 0:00	0	01/01/70 0:00
239	240	0	686.27	700	0	0	0	0	0	0	0	123.77	0	0	0	0	1	177.233.66.134	host-177-233-66-134.static.metrored.net.mx	0	01/01/70 0:00	9	04/09/14 21:43
240	241	7604.61	303.03	300	5329.68	9302.33	1196	1113.38	1265.86	0	1180.66	76	90900	0	0	0	1	177.233.66.134	host-177-233-66-134.static.metrored.net.mx	0	01/01/70 0:00	9	25/09/14 21:50
241	242	0	686.27	700	0	0	0	0	0	0	0	52.88	0	0	0	0	1	177.233.66.134	host-177-233-66-134.static.metrored.net.mx	0	01/01/70 0:00	9	04/09/14 21:33
242	243	0	78.51	80	0	0	0	0	0	0	392	0	31360	0	0	0	1	177.233.66.134	host-177-233-66-134.static.metrored.net.mx	0	01/01/70 0:00	9	01/09/14 14:27
243	244	0	27.73	30	0	0	0	0	0	0	11847	0	355410	0	0	0	1	177.233.66.134	host-177-233-66-134.static.metrored.net.mx	0	01/01/70 0:00	9	09/09/14 19:44
244	245	0	0	0	0	0	0	0	0	0	131.46	0	0	0	0	0	1	189.243.88.85	dsl-189-243-88-85-dyn.prod-infinitum.com.mx	0	01/01/70 0:00	46	01/09/14 17:17
245	246	0	16.4	20	0	0	0	0	0	0	11847	0	236940	0	0	0	1	177.233.66.134	host-177-233-66-134.static.metrored.net.mx	0	01/01/70 0:00	9	10/09/14 14:21
246	247	8164.83	0	0	6686.05	9285.71	0	0	0	0	46.75	0	0	0	0	0	1	177.233.66.134	host-177-233-66-134.static.metrored.net.mx	0	01/01/70 0:00	9	09/09/14 14:58
247	248	0	373.3	400	0	0	0	0	0	0	44.39	0	17760	0	0	0	1	177.233.66.134	host-177-233-66-134.static.metrored.net.mx	0	01/01/70 0:00	9	02/09/14 16:08
248	249	0	39.5	40	0	0	0	0	0	0	1939.91	0	77600	0	0	0	1	177.233.66.134	host-177-233-66-134.static.metrored.net.mx	0	01/01/70 0:00	9	02/09/14 15:05
249	250	0	384.1	400	0	0	0	0	0	0	37.41	0	14960	0	0	0	1	177.233.66.134	host-177-233-66-134.static.metrored.net.mx	0	01/01/70 0:00	9	02/09/14 16:12
250	251	0	0	0	0	0	0	0	0	0	154	0	0	0	0	0	1	177.233.66.134	host-177-233-66-134.static.metrored.net.mx	0	01/01/70 0:00	9	02/09/14 13:45
251	252	0	0	0	0	0	0	0	0	0	260	0	0	0	0	0	1	187.175.68.161	dsl-187-175-68-161-dyn.prod-infinitum.com.mx	0	01/01/70 0:00	46	02/09/14 20:25
252	253	10592.2	3451.58	3452	4034.09	16666.67	6744.19	2614.09	9813.33	0	0	165	1112790	0	0	0	1	187.175.67.147	dsl-187-175-67-147-dyn.prod-infinitum.com.mx	0	01/01/70 0:00	46	03/09/14 21:08
253	254	0	0	0	0	0	0	0	0	0	2642.25	0	0	0	0	0	1	187.175.68.161	dsl-187-175-68-161-dyn.prod-infinitum.com.mx	0	01/01/70 0:00	46	03/09/14 0:10
254	255	0	14.03	10	0	0	0	0	0	0	10428.44	0	104280	0	0	0	1	177.233.66.134	host-177-233-66-134.static.metrored.net.mx	0	01/01/70 0:00	9	03/09/14 13:11
255	256	0	0	0	0	0	0	0	0	0	0	0	0	0	0	0	1			0	01/01/70 0:00	0	01/01/70 0:00
256	257	0	0	0	0	0	0	0	0	0	0	0	0	0	0	0	1			0	01/01/70 0:00	0	01/01/70 0:00
257	258	0	0	0	0	0	0	0	0	0	300	0	0	0	0	0	1	177.233.66.134	host-177-233-66-134.static.metrored.net.mx	0	01/01/70 0:00	9	09/09/14 12:05
258	259	0	793.92	800	0	0	0	0	0	0	77.99	0	62390	0	0	0	1	177.233.66.134	host-177-233-66-134.static.metrored.net.mx	0	01/01/70 0:00	9	09/09/14 13:19
260	261	0	0	0	0	0	0	0	0	0	200.4	0	0	0	0	0	1	187.175.67.147	dsl-187-175-67-147-dyn.prod-infinitum.com.mx	0	01/01/70 0:00	46	03/09/14 20:11
261	262	0	0	0	0	0	0	0	0	0	108.35	0	0	0	0	0	1	187.175.67.147	dsl-187-175-67-147-dyn.prod-infinitum.com.mx	0	01/01/70 0:00	46	03/09/14 20:13
262	263	0	23.85	20	0	0	0	0	0	0	60000	0	1200000	0	0	0	1	187.175.67.147	dsl-187-175-67-147-dyn.prod-infinitum.com.mx	0	01/01/70 0:00	46	03/09/14 20:54
263	264	0	2.18	2	0	0	0	0	0	0	71821.31	0	143640	0	0	0	1	177.233.66.134	host-177-233-66-134.static.metrored.net.mx	0	01/01/70 0:00	9	04/09/14 19:32
264	265	0	137.44	100	0	0	0	0	0	0	706.91	0	70690	0	0	0	1	177.233.66.134	host-177-233-66-134.static.metrored.net.mx	0	01/01/70 0:00	9	10/09/14 11:09
265	266	0	0	0	0	0	0	0	0	0	469.75	0	0	0	0	0	1	177.233.66.134	host-177-233-66-134.static.metrored.net.mx	0	01/01/70 0:00	9	04/09/14 11:54
266	267	0	0	0	0	0	0	0	0	0	60.52	0	0	0	0	0	1	177.233.66.134	host-177-233-66-134.static.metrored.net.mx	0	01/01/70 0:00	9	04/09/14 11:24
267	268	0	0	0	0	0	0	0	0	0	633.5	0	0	0	0	0	1	177.233.66.134	host-177-233-66-134.static.metrored.net.mx	0	01/01/70 0:00	9	04/09/14 12:02
268	269	0	14.7	10	0	0	0	0	0	0	10999.66	0	110000	0	0	0	1	177.233.66.134	host-177-233-66-134.static.metrored.net.mx	0	01/01/70 0:00	9	21/09/14 21:04
269	270	0	14.38	10	0	0	0	0	0	0	25115	0	251150	0	0	0	1	177.233.66.134	host-177-233-66-134.static.metrored.net.mx	0	01/01/70 0:00	9	08/09/14 21:12
270	271	0	0	0	0	0	0	0	0	0	34049	0	0	0	0	0	1	177.233.66.134	host-177-233-66-134.static.metrored.net.mx	0	01/01/70 0:00	9	04/09/14 13:37
271	272	8021.54	8400.99	8401	7475.08	8620.69	5557.23	5176.87	6029.96	0	0	59.7	331770	0	0	0	1	187.157.37.194	customer-187-157-37-194-sta.uninet-ide.com.mx	0	01/01/70 0:00	1	11/09/14 18:49
272	273	0	0	0	0	0	0	0	0	0	25115	0	0	0	0	0	1	177.233.66.134	host-177-233-66-134.static.metrored.net.mx	0	01/01/70 0:00	9	04/09/14 14:56
273	274	10306.98	4548.12	4548	6276.15	13833.99	4267.3	3615.06	5312.25	0	0	46.07	196590	0	0	0	1	189.236.225.44	dsl-189-236-225-44-dyn.prod-infinitum.com.mx	0	01/01/70 0:00	46	04/09/14 19:59
274	275	0	281.1	300	0	0	0	0	0	0	374	0	112200	0	0	0	1	189.236.196.242	dsl-189-236-196-242-dyn.prod-infinitum.com.mx	0	01/01/70 0:00	41	09/09/14 19:07
275	276	0	488.28	500	0	0	0	0	0	0	2000	0	1000000	0	0	0	1	189.236.196.242	dsl-189-236-196-242-dyn.prod-infinitum.com.mx	0	01/01/70 0:00	41	11/09/14 1:53
276	277	7360.96	14.7	10	6111.11	9285.71	1542.06	1169.79	2030.79	0	0	190.35	293530	0	0	0	1	177.233.66.134	host-177-233-66-134.static.metrored.net.mx	0	01/01/70 0:00	9	21/09/14 20:34
277	278	0	0	0	0	0	0	0	0	0	0	0	0	0	0	0	1			0	01/01/70 0:00	0	01/01/70 0:00
278	279	4882.57	1029.71	1030	3920.45	6750	2983.05	2419.2	3920.45	0	0	84.32	251530	0	0	0	1	189.243.90.215	dsl-189-243-90-215-dyn.prod-infinitum.com.mx	0	01/01/70 0:00	46	07/09/14 22:42
279	280	0	0	0	0	0	0	0	0	0	607.5	0	0	0	0	0	1	187.175.63.196	dsl-187-175-63-196-dyn.prod-infinitum.com.mx	0	01/01/70 0:00	46	08/09/14 15:02
280	281	0	0	0	0	0	0	0	0	0	292.4	0	0	0	0	0	1	189.236.226.95	dsl-189-236-226-95-dyn.prod-infinitum.com.mx	0	01/01/70 0:00	46	08/09/14 19:02
281	282	0	146.52	100	0	0	0	0	0	0	3041	0	304100	0	0	0	1	189.236.226.95	dsl-189-236-226-95-dyn.prod-infinitum.com.mx	0	01/01/70 0:00	46	08/09/14 21:51
282	283	8100.76	934.07	900	4878.05	10333.33	2378.46	1998.05	2693.69	0	0	227.33	540700	0	0	0	1	103.25.58.14	103.25.58.14	0	01/01/70 0:00	46	09/09/14 19:01
283	284	0	362.02	400	0	0	0	0	0	0	1361.5	0	544600	0	0	0	1	189.243.89.189	dsl-189-243-89-189-dyn.prod-infinitum.com.mx	0	01/01/70 0:00	46	24/09/14 21:46
284	285	0	9458.35	9458	0	0	0	0	0	0	1631.7	0	15432620	0	0	0	1	189.133.209.218	dsl-189-133-209-218-dyn.prod-infinitum.com.mx	0	01/01/70 0:00	30	11/09/14 1:18
285	286	7759.58	335.6	300	4034.09	9761.9	5692.25	3590.34	6912.93	0	0	84.64	481790	0	0	0	1	103.25.58.14	103.25.58.14	0	01/01/70 0:00	46	10/09/14 19:58
286	287	0	0	0	0	0	0	0	0	0	291.23	0	0	0	0	0	1	189.243.90.252	dsl-189-243-90-252-dyn.prod-infinitum.com.mx	0	01/01/70 0:00	46	11/09/14 15:17
287	288	5256.9	170.26	200	3400	8620.69	4123.99	2203.2	6982.76	0	0	65.72	271030	0	0	0	1	189.243.90.252	dsl-189-243-90-252-dyn.prod-infinitum.com.mx	0	01/01/70 0:00	46	11/09/14 15:54
288	289	8000.68	4158.37	4158	7437.5	8405.8	5634.66	5405.69	5916.3	0	0	76.56	431390	0	0	0	1	189.133.126.228	dsl-189-133-126-228-dyn.prod-infinitum.com.mx	0	01/01/70 0:00	41	17/09/14 16:51
289	290	0	0	0	0	0	0	0	0	0	180	0	0	0	0	0	1	189.243.90.252	dsl-189-243-90-252-dyn.prod-infinitum.com.mx	0	01/01/70 0:00	46	11/09/14 20:34
290	291	0	0	0	0	0	0	0	0	0	0	0	0	0	0	0	1			0	01/01/70 0:00	0	01/01/70 0:00
291	292	11333.33	3280.3	3280	8333.33	16666.67	5665.42	3498.67	8832	0	0	106.3	602230	0	0	0	1	187.175.56.100	dsl-187-175-56-100-dyn.prod-infinitum.com.mx	0	01/01/70 0:00	46	14/09/14 12:52
292	293	0	355.23	400	0	0	0	0	0	0	539.996	0	216000	0	0	0	1	189.133.107.14	dsl-189-133-107-14-dyn.prod-infinitum.com.mx	0	01/01/70 0:00	41	16/09/14 8:27
293	294	8000.68	3279.79	3280	7437.5	8405.8	5407.64	5027.56	5741.9	0	0	42	227120	0	0	0	1	189.133.102.205	dsl-189-133-102-205-dyn.prod-infinitum.com.mx	0	01/01/70 0:00	41	21/09/14 21:13
294	295	0	134.4	100	0	0	0	0	0	0	407	0	40700	0	0	0	1	189.133.102.205	dsl-189-133-102-205-dyn.prod-infinitum.com.mx	0	01/01/70 0:00	41	22/09/14 9:40
295	296	0	0	0	0	0	0	0	0	0	0	55	0	0	0	0	1	187.175.59.32	dsl-187-175-59-32-dyn.prod-infinitum.com.mx	0	01/01/70 0:00	46	19/09/14 17:08
296	297	0	0	0	0	0	0	0	0	0	0	29.35	0	0	0	0	1	187.175.59.32	dsl-187-175-59-32-dyn.prod-infinitum.com.mx	0	01/01/70 0:00	46	19/09/14 19:18
297	298	4226.73	24.54	20	3513.51	5000	2703.24	2529.73	2880	0	0	98.88	267300	0	0	0	1	187.175.59.32	dsl-187-175-59-32-dyn.prod-infinitum.com.mx	0	01/01/70 0:00	46	19/09/14 20:04
298	299	0	500.3	500	0	0	0	0	0	0	0	49	0	0	0	0	1	189.133.102.205	dsl-189-133-102-205-dyn.prod-infinitum.com.mx	0	01/01/70 0:00	41	22/09/14 19:33
299	300	0	0	0	0	0	0	0	0	0	0	0	0	0	0	0	1			0	01/01/70 0:00	0	01/01/70 0:00
300	301	0	0	0	0	0	0	0	0	0	9262.25	0	0	0	0	0	1	189.243.89.189	dsl-189-243-89-189-dyn.prod-infinitum.com.mx	0	01/01/70 0:00	46	24/09/14 21:56
301	302	4550.22	473.23	500	3633.72	5138.89	3303.11	2104.89	4170.73	0	0	93.92	310230	0	0	0	1	187.175.38.210	dsl-187-175-38-210-dyn.prod-infinitum.com.mx	0	01/01/70 0:00	46	24/09/14 16:21
302	303	0	0	0	0	0	0	0	0	0	1574.11	0	0	0	0	0	1	187.175.36.93	dsl-187-175-36-93-dyn.prod-infinitum.com.mx	0	01/01/70 0:00	46	25/09/14 14:49
303	304	0	0	0	0	0	0	0	0	0	141.6	0	0	0	0	0	1	187.175.36.93	dsl-187-175-36-93-dyn.prod-infinitum.com.mx	0	01/01/70 0:00	46	25/09/14 15:01
304	305	0	0	0	0	0	0	0	0	0	400	0	0	0	0	0	1	187.175.36.93	dsl-187-175-36-93-dyn.prod-infinitum.com.mx	0	01/01/70 0:00	46	25/09/14 15:28
305	306	0	0	0	0	0	0	0	0	0	233.3	0	0	0	0	0	1	187.175.36.93	dsl-187-175-36-93-dyn.prod-infinitum.com.mx	0	01/01/70 0:00	46	25/09/14 18:25
306	307	0	0	0	0	0	0	0	0	0	262.2	0	0	0	0	0	1	187.175.36.93	dsl-187-175-36-93-dyn.prod-infinitum.com.mx	0	01/01/70 0:00	46	25/09/14 18:44
307	308	5033.67	797.38	800	3920.45	5625	2005.81	1806.55	2194.89	0	0	121	242700	0	0	0	1	187.175.36.93	dsl-187-175-36-93-dyn.prod-infinitum.com.mx	0	01/01/70 0:00	46	26/09/14 16:07
308	309	0	14.41	10	0	0	0	0	0	0	17399.8	0	174000	0	0	0	1	187.175.36.93	dsl-187-175-36-93-dyn.prod-infinitum.com.mx	0	01/01/70 0:00	46	26/09/14 16:35
309	310	0	25.36	30	0	0	0	0	0	0	14370.13	0	431100	0	0	0	1	187.175.36.93	dsl-187-175-36-93-dyn.prod-infinitum.com.mx	0	01/01/70 0:00	46	26/09/14 16:57
310	311	0	0	0	0	0	0	0	0	0	0	87.98	0	0	0	0	1	187.175.36.93	dsl-187-175-36-93-dyn.prod-infinitum.com.mx	0	01/01/70 0:00	46	26/09/14 22:31
311	312	0	0	0	0	0	0	0	0	0	4515	0	0	0	0	0	1	187.175.36.93	dsl-187-175-36-93-dyn.prod-infinitum.com.mx	0	01/01/70 0:00	46	26/09/14 22:52
312	313	0	0	0	0	0	0	0	0	0	4111.7	0	0	0	0	0	1	187.175.36.93	dsl-187-175-36-93-dyn.prod-infinitum.com.mx	0	01/01/70 0:00	46	26/09/14 23:14
313	314	0	5149.87	5150	0	0	0	0	0	0	0	33.79	0	0	0	0	1	189.133.130.242	dsl-189-133-130-242-dyn.prod-infinitum.com.mx	0	01/01/70 0:00	41	27/09/14 11:31
314	315	0	0	0	0	0	0	0	0	0	1428.6	0	0	0	0	0	1	187.175.2.91	dsl-187-175-2-91-dyn.prod-infinitum.com.mx	0	01/01/70 0:00	46	27/09/14 20:48
315	316	0	0	0	0	0	0	0	0	0	1025.73	0	0	0	0	0	1	187.175.2.91	dsl-187-175-2-91-dyn.prod-infinitum.com.mx	0	01/01/70 0:00	46	27/09/14 22:07
316	317	0	0	0	0	0	0	0	0	0	200.2	0	0	0	0	0	1	187.175.2.91	dsl-187-175-2-91-dyn.prod-infinitum.com.mx	0	01/01/70 0:00	46	27/09/14 21:24
317	318	0	0	0	0	0	0	0	0	0	24048.5	0	0	0	0	0	1	189.236.201.23	dsl-189-236-201-23-dyn.prod-infinitum.com.mx	0	01/01/70 0:00	46	28/09/14 18:39
318	319	0	0	0	0	0	0	0	0	0	1034.46	0	0	0	0	0	1	187.175.2.91	dsl-187-175-2-91-dyn.prod-infinitum.com.mx	0	01/01/70 0:00	46	27/09/14 22:01
319	320	0	0	0	0	0	0	0	0	0	677	0	0	0	0	0	1	187.175.2.91	dsl-187-175-2-91-dyn.prod-infinitum.com.mx	0	01/01/70 0:00	46	27/09/14 22:19
320	321	0	0	0	0	0	0	0	0	0	180	0	0	0	0	0	1	187.175.2.91	dsl-187-175-2-91-dyn.prod-infinitum.com.mx	0	01/01/70 0:00	46	27/09/14 22:35
321	322	0	0	0	0	0	0	0	0	0	200	0	0	0	0	0	1	187.175.2.91	dsl-187-175-2-91-dyn.prod-infinitum.com.mx	0	01/01/70 0:00	46	27/09/14 22:51
322	323	0	0	0	0	0	0	0	0	0	2076.66	0	0	0	0	0	1	187.175.2.91	dsl-187-175-2-91-dyn.prod-infinitum.com.mx	0	01/01/70 0:00	46	27/09/14 23:10
323	324	0	0	0	0	0	0	0	0	0	1046.59	0	0	0	0	0	1	187.175.2.91	dsl-187-175-2-91-dyn.prod-infinitum.com.mx	0	01/01/70 0:00	46	27/09/14 23:26
324	325	0	0	0	0	0	0	0	0	0	1600	0	0	0	0	0	1	187.175.2.91	dsl-187-175-2-91-dyn.prod-infinitum.com.mx	0	01/01/70 0:00	46	28/09/14 9:56
325	326	0	0	0	0	0	0	0	0	0	119.56	0	0	0	0	0	1	187.175.2.91	dsl-187-175-2-91-dyn.prod-infinitum.com.mx	0	01/01/70 0:00	46	28/09/14 10:27
326	327	0	0	0	0	0	0	0	0	0	400	0	0	0	0	0	1	189.236.201.23	dsl-189-236-201-23-dyn.prod-infinitum.com.mx	0	01/01/70 0:00	46	28/09/14 18:30
327	328	4172.28	19.65	20	3350.17	5000	4172.28	3350.17	5000	0	0	181.52	757350	0	0	0	1	189.236.201.23	dsl-189-236-201-23-dyn.prod-infinitum.com.mx	0	01/01/70 0:00	46	28/09/14 19:38
328	329	0	27.9	30	0	0	0	0	0	0	4830.75	0	144920	0	0	0	1	189.236.201.23	dsl-189-236-201-23-dyn.prod-infinitum.com.mx	0	01/01/70 0:00	46	28/09/14 20:29
329	330	0	25.28	30	0	0	0	0	0	0	27342.7	0	820280	0	0	0	1	189.236.229.205	dsl-189-236-229-205-dyn.prod-infinitum.com.mx	0	01/01/70 0:00	46	10/10/14 19:42
330	331	0	993.65	1000	0	0	0	0	0	0	515.2	0	515200	0	0	0	1	189.236.201.23	dsl-189-236-201-23-dyn.prod-infinitum.com.mx	0	01/01/70 0:00	46	28/09/14 21:19
331	332	7505.7	1361.03	1361	6000	8802.82	1498.41	1296	1646.4	0	300	300	449520	0	0	0	1	189.236.201.23	dsl-189-236-201-23-dyn.prod-infinitum.com.mx	0	01/01/70 0:00	46	28/09/14 22:14
332	333	0	0	0	0	0	0	0	0	0	68.3	0	0	0	0	0	1	187.175.3.29	dsl-187-175-3-29-dyn.prod-infinitum.com.mx	0	01/01/70 0:00	46	29/09/14 15:15
333	334	0	0	0	0	0	0	0	0	0	81.96	0	0	0	0	0	1	187.175.2.17	dsl-187-175-2-17-dyn.prod-infinitum.com.mx	0	01/01/70 0:00	46	29/09/14 15:28
334	335	0	0	0	0	0	0	0	0	0	681.84	0	0	0	0	0	1	187.175.2.17	dsl-187-175-2-17-dyn.prod-infinitum.com.mx	0	01/01/70 0:00	46	29/09/14 21:47
335	336	0	0	0	0	0	0	0	0	0	356.96	0	0	0	0	0	1	187.175.2.17	dsl-187-175-2-17-dyn.prod-infinitum.com.mx	0	01/01/70 0:00	46	29/09/14 22:02
336	337	5147.31	967.44	1000	4261.36	5625	2934.49	2488.89	3280.5	0	0	122.83	360440	0	0	0	1	187.175.2.17	dsl-187-175-2-17-dyn.prod-infinitum.com.mx	0	01/01/70 0:00	46	29/09/14 22:35
337	338	4251.08	950.23	1000	3300	5532.79	1430.81	1216.51	1625.89	0	0	429.31	614260	0	0	0	1	187.175.2.17	dsl-187-175-2-17-dyn.prod-infinitum.com.mx	0	01/01/70 0:00	46	29/09/14 23:21
338	339	0	0	0	0	0	0	0	0	0	625.25	256.62	0	0	0	0	1			0	01/01/70 0:00	0	01/01/70 0:00
339	340	0	149.37	100	0	0	0	0	0	0	13611.92	0	1361190	0	0	0	1	187.175.33.173	dsl-187-175-33-173-dyn.prod-infinitum.com.mx	0	01/01/70 0:00	46	19/11/14 10:19
340	341	0	857.12	900	0	0	0	0	0	0	400	0	360000	0	0	0	1	187.175.58.82	dsl-187-175-58-82-dyn.prod-infinitum.com.mx	0	01/01/70 0:00	46	30/09/14 20:01
341	342	5033.67	1251.83	1252	3920.45	5625	2131.81	1806.55	2394	0	0	186.4	397370	0	0	0	1	187.175.58.82	dsl-187-175-58-82-dyn.prod-infinitum.com.mx	0	01/01/70 0:00	46	30/09/14 22:30
342	343	0	0	0	0	0	0	0	0	0	0	77	0	0	0	0	1	187.175.58.82	dsl-187-175-58-82-dyn.prod-infinitum.com.mx	0	01/01/70 0:00	46	01/10/14 15:04
343	344	0	0	0	0	0	0	0	0	0	0	85.79	0	0	0	0	1	187.175.58.82	dsl-187-175-58-82-dyn.prod-infinitum.com.mx	0	01/01/70 0:00	46	01/10/14 15:30
344	345	0	0	0	0	0	0	0	0	0	0	47.65	0	0	0	0	1	187.175.58.82	dsl-187-175-58-82-dyn.prod-infinitum.com.mx	0	01/01/70 0:00	46	01/10/14 15:48
345	346	0	0	0	0	0	0	0	0	0	250	0	0	0	0	0	1	187.175.58.82	dsl-187-175-58-82-dyn.prod-infinitum.com.mx	0	01/01/70 0:00	46	01/10/14 19:34
346	347	0	0	0	0	0	0	0	0	0	189	0	0	0	0	0	1	187.175.58.82	dsl-187-175-58-82-dyn.prod-infinitum.com.mx	0	01/01/70 0:00	46	01/10/14 19:49
347	348	0	0	0	0	0	0	0	0	0	389	0	0	0	0	0	1	187.175.58.82	dsl-187-175-58-82-dyn.prod-infinitum.com.mx	0	01/01/70 0:00	46	01/10/14 20:57
348	349	0	0	0	0	0	0	0	0	0	361.36	0	0	0	0	0	1	187.175.58.82	dsl-187-175-58-82-dyn.prod-infinitum.com.mx	0	01/01/70 0:00	46	01/10/14 20:21
349	350	0	0	0	0	0	0	0	0	0	0	73.23	0	0	0	0	1	187.175.58.82	dsl-187-175-58-82-dyn.prod-infinitum.com.mx	0	01/01/70 0:00	46	01/10/14 20:50
350	351	4430.56	244.82	200	3291.67	5000	2966.4	2666.25	3280.5	0	0	125.67	372790	0	0	0	1	187.175.58.82	dsl-187-175-58-82-dyn.prod-infinitum.com.mx	0	01/01/70 0:00	46	01/10/14 21:30
351	352	0	223.21	200	0	0	0	0	0	0	0	46.53	0	0	0	0	1	187.175.59.191	dsl-187-175-59-191-dyn.prod-infinitum.com.mx	0	01/01/70 0:00	46	06/10/14 17:51
352	353	3152.78	560.29	600	1722.22	6000	2952.78	1722.22	5400	0	0	247.92	732050	0	0	0	1	187.175.58.82	dsl-187-175-58-82-dyn.prod-infinitum.com.mx	0	01/01/70 0:00	46	01/10/14 23:03
353	354	0	0	0	0	0	0	0	0	0	242.61	0	0	0	0	0	1	187.175.70.233	dsl-187-175-70-233-dyn.prod-infinitum.com.mx	0	01/01/70 0:00	46	05/10/14 18:29
354	355	0	0	0	0	0	0	0	0	0	399.92	0	0	0	0	0	1	187.175.58.82	dsl-187-175-58-82-dyn.prod-infinitum.com.mx	0	01/01/70 0:00	46	02/10/14 19:35
355	356	0	0	0	0	0	0	0	0	0	400	0	0	0	0	0	1	187.175.58.82	dsl-187-175-58-82-dyn.prod-infinitum.com.mx	0	01/01/70 0:00	46	02/10/14 19:49
356	357	0	0	0	0	0	0	0	0	0	0	58.43	0	0	0	0	1	187.175.58.82	dsl-187-175-58-82-dyn.prod-infinitum.com.mx	0	01/01/70 0:00	46	02/10/14 20:08
357	358	0	0	0	0	0	0	0	0	0	1046.25	0	0	0	0	0	1	187.175.58.82	dsl-187-175-58-82-dyn.prod-infinitum.com.mx	0	01/01/70 0:00	46	02/10/14 20:22
358	359	6234.95	520.05	500	3633.72	9515.57	1947.61	1729.42	2236.24	0	0	169.2	329540	0	0	0	1	187.175.70.233	dsl-187-175-70-233-dyn.prod-infinitum.com.mx	0	01/01/70 0:00	46	05/10/14 17:43
359	360	0	733.2	700	0	0	0	0	0	0	0	29.55	0	0	0	0	1	189.133.135.93	dsl-189-133-135-93-dyn.prod-infinitum.com.mx	0	01/01/70 0:00	41	08/10/14 15:24
360	361	2483.33	107.61	100	1250	3700	1459.54	798.09	1800.32	0	0	122.94	179440	0	0	0	1	187.237.107.33	customer-187-237-107-33.uninet-ide.com.mx	0	01/01/70 0:00	35	10/10/14 17:42
361	362	0	0	0	0	0	0	0	0	0	0	58.91	0	0	0	0	1	187.175.70.233	dsl-187-175-70-233-dyn.prod-infinitum.com.mx	0	01/01/70 0:00	46	05/10/14 15:05
362	363	0	6.62	7	0	0	0	0	0	0	126380	0	884660	0	0	0	1	187.175.59.191	dsl-187-175-59-191-dyn.prod-infinitum.com.mx	0	01/01/70 0:00	46	06/10/14 18:30
363	364	0	0	0	0	0	0	0	0	0	400	0	0	0	0	0	1	187.175.59.191	dsl-187-175-59-191-dyn.prod-infinitum.com.mx	0	01/01/70 0:00	46	06/10/14 18:10
364	365	8100.76	1419.58	1420	4878.05	10333.33	5959.87	4390.24	7533	0	0	192.71	1148530	0	0	0	1	187.175.59.191	dsl-187-175-59-191-dyn.prod-infinitum.com.mx	0	01/01/70 0:00	46	06/10/14 20:25
365	366	7586.65	1698.11	1698	4527.78	10585.11	5203.75	2086.4	7330.72	0	0	64.71	336730	0	0	0	1	187.175.37.69	dsl-187-175-37-69-dyn.prod-infinitum.com.mx	0	01/01/70 0:00	46	07/10/14 18:04
366	367	0	0	0	0	0	0	0	0	0	1841.38	0	0	0	0	0	1	187.175.36.216	dsl-187-175-36-216-dyn.prod-infinitum.com.mx	0	01/01/70 0:00	46	09/10/14 6:32
367	368	0	0	0	0	0	0	0	0	0	2166.34	0	0	0	0	0	1	187.175.36.216	dsl-187-175-36-216-dyn.prod-infinitum.com.mx	0	01/01/70 0:00	46	09/10/14 6:29
368	369	6806.51	498.91	500	6333.33	7586.21	4193.25	3427.09	4637.36	0	0	245.36	1028860	0	0	0	1	187.150.145.58	dsl-187-150-145-58-dyn.prod-infinitum.com.mx	0	01/01/70 0:00	39	14/10/14 21:58
369	370	0	172.98	200	0	0	0	0	0	0	247.87	0	49570	0	0	0	1	189.236.196.23	dsl-189-236-196-23-dyn.prod-infinitum.com.mx	0	01/01/70 0:00	41	30/10/14 8:50
370	371	0	258.87	300	0	0	0	0	0	0	428.09	37.66	0	0	0	0	1	189.236.196.23	dsl-189-236-196-23-dyn.prod-infinitum.com.mx	0	01/01/70 0:00	41	30/10/14 9:40
371	372	0	204.36	200	0	0	0	0	0	0	0	42.93	0	0	0	0	1	189.133.131.253	dsl-189-133-131-253-dyn.prod-infinitum.com.mx	0	01/01/70 0:00	41	17/10/14 8:19
372	373	0	5381.74	5382	0	0	0	0	0	0	30.84	312.23	165980	0	0	0	1	189.133.80.235	dsl-189-133-80-235-dyn.prod-infinitum.com.mx	0	01/01/70 0:00	41	05/11/14 13:28
373	374	4550.22	654.44	700	3633.72	5138.89	1795.13	1136.64	2388.29	0	0	394.53	708230	0	0	0	1	187.175.5.8	dsl-187-175-5-8-dyn.prod-infinitum.com.mx	0	01/01/70 0:00	46	16/10/14 6:40
374	375	0	160.18	200	0	0	0	0	0	0	4216.66	0	843330	0	0	0	1	189.236.202.62	dsl-189-236-202-62-dyn.prod-infinitum.com.mx	0	01/01/70 0:00	46	11/11/14 19:28
375	376	0	28.54	30	0	0	0	0	0	0	7240	0	217200	0	0	0	1	189.243.88.15	dsl-189-243-88-15-dyn.prod-infinitum.com.mx	0	01/01/70 0:00	46	12/10/14 15:49
376	377	0	14.68	10	0	0	0	0	0	0	17924.95	0	179250	0	0	0	1	189.243.88.15	dsl-189-243-88-15-dyn.prod-infinitum.com.mx	0	01/01/70 0:00	46	12/10/14 16:31
377	378	0	14.94	10	0	0	0	0	0	0	3984.54	0	39850	0	0	0	1	189.243.88.15	dsl-189-243-88-15-dyn.prod-infinitum.com.mx	0	01/01/70 0:00	46	12/10/14 17:06
378	379	0	939.56	900	0	0	0	0	0	0	214.68	72.74	0	0	0	0	1	189.133.88.29	dsl-189-133-88-29-dyn.prod-infinitum.com.mx	0	01/01/70 0:00	41	20/10/14 15:37
379	380	7422.28	152.84	200	4034.09	9482.76	5413.01	5244.32	5740.88	0	0	74.57	403650	0	0	0	1	187.175.4.67	dsl-187-175-4-67-dyn.prod-infinitum.com.mx	0	01/01/70 0:00	46	14/10/14 14:27
380	381	0	140.52	100	0	0	0	0	0	0	1683.07	0	168310	0	0	0	1	187.175.4.67	dsl-187-175-4-67-dyn.prod-infinitum.com.mx	0	01/01/70 0:00	46	14/10/14 14:55
381	382	10816.15	221.14	200	8750	14215.69	3534.71	2621.79	4716.42	0	0	104.03	367720	0	0	0	1	187.175.4.67	dsl-187-175-4-67-dyn.prod-infinitum.com.mx	0	01/01/70 0:00	46	14/10/14 17:15
382	383	0	214.27	200	0	0	0	0	0	0	883.67	0	176730	0	0	0	1	187.175.4.67	dsl-187-175-4-67-dyn.prod-infinitum.com.mx	0	01/01/70 0:00	46	14/10/14 18:08
383	384	7626.13	996.95	1000	3633.72	9761.9	4939.17	3088.66	7116.43	0	0	71.25	351920	0	0	0	1	187.175.4.67	dsl-187-175-4-67-dyn.prod-infinitum.com.mx	0	01/01/70 0:00	46	14/10/14 20:10
384	385	19522.68	7857.99	7858	17973.86	20312.5	20133.72	18287.5	21882.66	0	0	281.73	5672270	0	0	0	1	189.133.131.253	dsl-189-133-131-253-dyn.prod-infinitum.com.mx	0	01/01/70 0:00	41	16/10/14 17:05
385	386	3878.78	223.57	200	1538.46	6940	2654.31	1246.15	5059.26	0	0	125.93	334260	0	0	0	1	187.175.5.8	dsl-187-175-5-8-dyn.prod-infinitum.com.mx	0	01/01/70 0:00	46	16/10/14 18:55
386	387	2993.83	245.28	200	902.78	4375	2278.09	902.78	3131.48	0	0	295.29	672700	0	0	0	1	187.175.5.8	dsl-187-175-5-8-dyn.prod-infinitum.com.mx	0	01/01/70 0:00	46	16/10/14 19:51
387	388	0	245.28	200	0	0	0	0	0	0	1555.36	0	311070	0	0	0	1	187.175.5.8	dsl-187-175-5-8-dyn.prod-infinitum.com.mx	0	01/01/70 0:00	46	16/10/14 19:49
388	389	3689.26	625.78	600	1800	5578.51	2359.51	1800	2919.01	0	0	144	339770	0	0	0	1	187.175.5.8	dsl-187-175-5-8-dyn.prod-infinitum.com.mx	0	01/01/70 0:00	46	18/10/14 13:05
389	390	0	31.29	30	0	0	0	0	0	0	6378	0	191340	0	0	0	1	187.175.65.191	dsl-187-175-65-191-dyn.prod-infinitum.com.mx	0	01/01/70 0:00	46	21/10/14 21:33
390	391	0	0	0	0	0	0	0	0	0	300	0	0	0	0	0	1	187.175.2.233	dsl-187-175-2-233-dyn.prod-infinitum.com.mx	0	01/01/70 0:00	46	19/10/14 11:51
391	392	0	0	0	0	0	0	0	0	0	126	0	0	0	0	0	1	187.175.2.233	dsl-187-175-2-233-dyn.prod-infinitum.com.mx	0	01/01/70 0:00	46	19/10/14 12:04
392	393	0	7550.09	7550	0	0	0	0	0	0	30.84	183.97	0	0	0	0	1	189.133.80.235	dsl-189-133-80-235-dyn.prod-infinitum.com.mx	0	01/01/70 0:00	41	05/11/14 8:52
393	394	0	0	0	0	0	0	0	0	0	2860.79	0	0	0	0	0	1	187.175.65.191	dsl-187-175-65-191-dyn.prod-infinitum.com.mx	0	01/01/70 0:00	46	21/10/14 19:21
394	395	0	0	0	0	0	0	0	0	0	1492	0	0	0	0	0	1	187.175.65.191	dsl-187-175-65-191-dyn.prod-infinitum.com.mx	0	01/01/70 0:00	46	21/10/14 19:33
395	396	10383.68	474.7	500	9515.57	11029.41	4236.54	2104.69	5717.65	0	0	252.06	1067860	0	0	0	1	189.236.230.167	dsl-189-236-230-167-dyn.prod-infinitum.com.mx	0	01/01/70 0:00	46	23/10/14 14:38
396	397	0	300	300	0	0	0	0	0	0	314.4	0	94320	0	0	0	1	187.175.69.209	dsl-187-175-69-209-dyn.prod-infinitum.com.mx	0	01/01/70 0:00	46	22/10/14 16:51
397	398	0	0	0	0	0	0	0	0	0	591.78	0	0	0	0	0	1	189.236.230.167	dsl-189-236-230-167-dyn.prod-infinitum.com.mx	0	01/01/70 0:00	46	23/10/14 14:58
398	399	0	0	0	0	0	0	0	0	0	557.34	0	0	0	0	0	1	189.236.230.167	dsl-189-236-230-167-dyn.prod-infinitum.com.mx	0	01/01/70 0:00	46	23/10/14 15:05
399	400	0	2968.75	2969	0	0	0	0	0	0	112	0	332530	0	0	0	1	189.236.196.23	dsl-189-236-196-23-dyn.prod-infinitum.com.mx	0	01/01/70 0:00	41	31/10/14 13:40
400	401	0	2968.75	2969	0	0	0	0	0	0	112	0	332530	0	0	0	1	189.236.196.23	dsl-189-236-196-23-dyn.prod-infinitum.com.mx	0	01/01/70 0:00	41	31/10/14 14:16
401	402	0	0	0	0	0	0	0	0	0	276.25	0	0	0	0	0	1	187.175.7.239	dsl-187-175-7-239-dyn.prod-infinitum.com.mx	0	01/01/70 0:00	46	26/10/14 11:21
402	403	0	0	0	0	0	0	0	0	0	133	0	0	0	0	0	1	187.175.7.239	dsl-187-175-7-239-dyn.prod-infinitum.com.mx	0	01/01/70 0:00	46	26/10/14 11:34
403	404	5033.67	496.33	500	3920.45	5625	3822.27	2916.82	4500	0	0	78.28	299210	0	0	0	1	187.175.7.239	dsl-187-175-7-239-dyn.prod-infinitum.com.mx	0	01/01/70 0:00	46	26/10/14 12:06
404	405	6183.71	1830.14	1830	4034.09	8333.33	4003.42	3086.08	4920.75	0	0	87.55	350500	0	0	0	1	187.175.67.30	dsl-187-175-67-30-dyn.prod-infinitum.com.mx	0	01/01/70 0:00	46	09/11/14 21:42
405	406	11482.85	32.71	30	8750	14215.69	2331.21	1911.17	2751.25	0	0	111.46	259840	0	0	0	1	187.175.33.11	dsl-187-175-33-11-dyn.prod-infinitum.com.mx	0	01/01/70 0:00	46	31/10/14 8:06
406	407	0	0	0	0	0	0	0	0	0	40	0	0	0	0	0	1	189.243.88.179	dsl-189-243-88-179-dyn.prod-infinitum.com.mx	0	01/01/70 0:00	46	26/10/14 18:49
407	408	7963.52	413.12	400	5625	9515.57	2043.08	992.25	2959.72	0	0	174.5	356520	0	0	0	1	187.175.2.78	dsl-187-175-2-78-dyn.prod-infinitum.com.mx	0	01/01/70 0:00	46	26/10/14 20:05
408	409	0	547.5	500	0	0	0	0	0	0	3882.3	0	1941150	0	0	0	1	187.175.2.78	dsl-187-175-2-78-dyn.prod-infinitum.com.mx	0	01/01/70 0:00	46	26/10/14 20:40
409	410	0	15.83	20	0	0	0	0	0	0	11310	0	226200	0	0	0	1	189.236.196.23	dsl-189-236-196-23-dyn.prod-infinitum.com.mx	0	01/01/70 0:00	41	31/10/14 0:05
410	411	0	0	0	0	0	0	0	0	0	410	0	0	0	0	0	1	189.236.231.28	dsl-189-236-231-28-dyn.prod-infinitum.com.mx	0	01/01/70 0:00	46	28/10/14 20:48
411	412	0	0	0	0	0	0	0	0	0	193.24	0	0	0	0	0	1	189.236.231.28	dsl-189-236-231-28-dyn.prod-infinitum.com.mx	0	01/01/70 0:00	46	28/10/14 21:04
412	413	0	399.54	400	0	0	0	0	0	0	0	720	0	0	0	0	1	189.236.196.23	dsl-189-236-196-23-dyn.prod-infinitum.com.mx	0	01/01/70 0:00	41	30/10/14 12:03
413	414	0	0	0	0	0	0	0	0	0	128.9	0	0	0	0	0	1	187.175.33.11	dsl-187-175-33-11-dyn.prod-infinitum.com.mx	0	01/01/70 0:00	46	31/10/14 8:00
414	415	5020.43	36.98	40	4901.96	5138.89	2758.57	2693.6	2823.53	0	0	102	281370	0	0	0	1	187.175.62.45	dsl-187-175-62-45-dyn.prod-infinitum.com.mx	0	01/01/70 0:00	46	02/11/14 18:35
415	416	0	213.11	200	0	0	0	0	0	0	786.94	0	157390	0	0	0	1	189.133.111.60	dsl-189-133-111-60-dyn.prod-infinitum.com.mx	0	01/01/70 0:00	52	03/11/14 20:36
416	417	0	0	0	0	0	0	0	0	0	288	0	0	0	0	0	1	187.175.62.45	dsl-187-175-62-45-dyn.prod-infinitum.com.mx	0	01/01/70 0:00	46	03/11/14 18:26
417	418	0	0	0	0	0	0	0	0	0	60	0	0	0	0	0	1	189.236.227.133	dsl-189-236-227-133-dyn.prod-infinitum.com.mx	0	01/01/70 0:00	46	04/11/14 21:31
418	419	6087.42	1122.07	1122	4527.78	7647.06	3344.8	2477.6	4212	0	0	130.66	437030	0	0	0	1	189.236.228.91	dsl-189-236-228-91-dyn.prod-infinitum.com.mx	0	01/01/70 0:00	46	04/11/14 22:08
419	420	7493.45	6198.64	6199	6276.15	8913.49	6538.47	6227.94	7011.72	0	0	300	1961540	0	0	0	1	189.133.80.235	dsl-189-133-80-235-dyn.prod-infinitum.com.mx	0	01/01/70 0:00	41	05/11/14 12:10
420	421	0	0	0	0	0	0	0	0	0	107.4	0	0	0	0	0	1	189.236.228.91	dsl-189-236-228-91-dyn.prod-infinitum.com.mx	0	01/01/70 0:00	46	05/11/14 14:00
421	422	0	0	0	0	0	0	0	0	0	2555	0	0	0	0	0	1	189.236.228.91	dsl-189-236-228-91-dyn.prod-infinitum.com.mx	0	01/01/70 0:00	46	05/11/14 14:12
422	423	0	0	0	0	0	0	0	0	0	50.48	0	0	0	0	0	1	189.236.228.91	dsl-189-236-228-91-dyn.prod-infinitum.com.mx	0	01/01/70 0:00	46	05/11/14 14:46
423	424	0	2900	2900	0	0	0	0	0	0	0	29.19	0	0	0	0	1	189.236.228.91	dsl-189-236-228-91-dyn.prod-infinitum.com.mx	0	01/01/70 0:00	46	05/11/14 15:14
424	425	9017.97	4088.32	4088	8083.33	9803.92	920.38	654.75	1113.75	0	0	988	909340	0	0	0	1	189.133.111.60	dsl-189-133-111-60-dyn.prod-infinitum.com.mx	0	01/01/70 0:00	52	07/11/14 16:39
425	426	0	446.51	400	0	0	0	0	0	0	630	0	252000	0	0	0	1	187.175.67.30	dsl-187-175-67-30-dyn.prod-infinitum.com.mx	0	01/01/70 0:00	46	10/11/14 11:26
426	427	0	0	0	0	0	0	0	0	0	265.19	0	0	0	0	0	1	189.236.201.80	dsl-189-236-201-80-dyn.prod-infinitum.com.mx	0	01/01/70 0:00	46	10/11/14 22:15
427	428	0	354.33	400	0	0	0	0	0	0	442.7	0	177080	0	0	0	1	189.133.80.235	dsl-189-133-80-235-dyn.prod-infinitum.com.mx	0	01/01/70 0:00	41	13/11/14 11:42
428	429	0	200	200	0	0	0	0	0	0	0	96.04	0	0	0	0	1	187.175.68.25	dsl-187-175-68-25-dyn.prod-infinitum.com.mx	0	01/01/70 0:00	46	11/11/14 14:59
429	430	0	0	0	0	0	0	0	0	0	94.36	0	0	0	0	0	1	187.175.68.25	dsl-187-175-68-25-dyn.prod-infinitum.com.mx	0	01/01/70 0:00	46	11/11/14 15:37
430	431	0	183.67	200	0	0	0	0	0	0	758.52	0	151700	0	0	0	1	189.236.229.11	dsl-189-236-229-11-dyn.prod-infinitum.com.mx	0	01/01/70 0:00	46	12/11/14 19:19
431	432	0	4926.05	4926	0	0	0	0	0	0	200	0	985200	0	0	0	1	189.133.110.37	dsl-189-133-110-37-dyn.prod-infinitum.com.mx	0	01/01/70 0:00	41	25/11/14 6:38
432	433	0	0	0	0	0	0	0	0	0	559	0	0	0	0	0	1	189.236.229.11	dsl-189-236-229-11-dyn.prod-infinitum.com.mx	0	01/01/70 0:00	46	12/11/14 19:44
433	434	0	0	0	0	0	0	0	0	0	2581.53	0	0	0	0	0	1	189.236.229.11	dsl-189-236-229-11-dyn.prod-infinitum.com.mx	0	01/01/70 0:00	46	12/11/14 20:02
434	435	0	0	0	0	0	0	0	0	0	683	0	0	0	0	0	1	189.236.229.11	dsl-189-236-229-11-dyn.prod-infinitum.com.mx	0	01/01/70 0:00	46	12/11/14 20:21
435	436	0	0	0	0	0	0	0	0	0	670	0	0	0	0	0	1	189.236.229.11	dsl-189-236-229-11-dyn.prod-infinitum.com.mx	0	01/01/70 0:00	46	12/11/14 20:36
436	437	7618.28	489.19	500	4034.09	11111.11	3438.25	2352.68	5120	0	0	142.2	488920	0	0	0	1	189.236.202.152	dsl-189-236-202-152-dyn.prod-infinitum.com.mx	0	01/01/70 0:00	46	01/12/14 12:59
437	438	0	5.47	5	0	0	0	0	0	0	39050	0	195250	0	0	0	1	187.175.33.23	dsl-187-175-33-23-dyn.prod-infinitum.com.mx	0	01/01/70 0:00	46	17/11/14 17:29
438	439	0	955.88	1000	0	0	0	0	0	0	390	0	390000	0	0	0	1	187.175.33.23	dsl-187-175-33-23-dyn.prod-infinitum.com.mx	0	01/01/70 0:00	46	17/11/14 17:19
439	440	0	593.37	600	0	0	0	0	0	0	283.92	0	170350	0	0	0	1	187.175.33.173	dsl-187-175-33-173-dyn.prod-infinitum.com.mx	0	01/01/70 0:00	46	17/11/14 20:24
440	441	0	0	0	0	0	0	0	0	0	17104.77	0	0	0	0	0	1	189.236.229.59	dsl-189-236-229-59-dyn.prod-infinitum.com.mx	0	01/01/70 0:00	46	19/11/14 22:19
441	442	6558.24	437.05	400	3633.72	9482.76	3270.22	2779.8	3760.63	0	0	266.78	872430	0	0	0	1	189.236.225.217	dsl-189-236-225-217-dyn.prod-infinitum.com.mx	0	01/01/70 0:00	46	11/12/14 15:30
442	443	5625	1010.92	1011	5625	5625	2788.43	2788.43	2788.43	0	0	155.62	433940	0	0	0	1	189.236.200.11	dsl-189-236-200-11-dyn.prod-infinitum.com.mx	0	01/01/70 0:00	46	04/12/14 12:08
443	444	6980.82	3016.22	3016	5555.56	9761.9	6321.5	5062.5	8346.43	0	0	94.8	599280	0	0	0	1	187.175.33.53	dsl-187-175-33-53-dyn.prod-infinitum.com.mx	0	01/01/70 0:00	46	23/11/14 21:46
444	445	5555.56	360.64	400	5555.56	5555.56	4500	4500	4500	0	0	97.77	439970	0	0	0	1	189.243.88.91	dsl-189-243-88-91-dyn.prod-infinitum.com.mx	0	01/01/70 0:00	46	01/12/14 21:08
445	446	0	0	0	0	0	0	0	0	0	0	112.94	0	0	0	0	1	187.175.32.250	dsl-187-175-32-250-dyn.prod-infinitum.com.mx	0	01/01/70 0:00	46	26/11/14 12:54
446	447	0	0	0	0	0	0	0	0	0	403.75	0	0	0	0	0	1	187.175.32.250	dsl-187-175-32-250-dyn.prod-infinitum.com.mx	0	01/01/70 0:00	46	26/11/14 13:07
447	448	8759.76	785.68	800	4034.09	16666.67	8953.61	3660.06	19166.67	0	450	44.64	399690	0	0	0	1	187.175.70.55	dsl-187-175-70-55-dyn.prod-infinitum.com.mx	0	01/01/70 0:00	46	26/11/14 17:16
448	449	0	0	0	0	0	0	0	0	0	198	0	0	0	0	0	1	187.175.70.55	dsl-187-175-70-55-dyn.prod-infinitum.com.mx	0	01/01/70 0:00	46	27/11/14 11:52
449	450	0	0	0	0	0	0	0	0	0	228.5	0	0	0	0	0	1	187.175.70.55	dsl-187-175-70-55-dyn.prod-infinitum.com.mx	0	01/01/70 0:00	46	27/11/14 12:11
450	451	0	16.05	20	0	0	0	0	0	0	10000	0	200000	0	0	0	1	187.175.70.55	dsl-187-175-70-55-dyn.prod-infinitum.com.mx	0	01/01/70 0:00	46	27/11/14 12:43
451	452	5198.8	51.67	50	4901.96	5555.56	2162.33	1598.4	3078	0	0	230.57	498570	0	0	0	1	187.175.70.55	dsl-187-175-70-55-dyn.prod-infinitum.com.mx	0	01/01/70 0:00	46	27/11/14 13:38
452	453	3920.45	440.64	400	3920.45	3920.45	2999.15	2999.15	2999.15	0	0	169	506860	0	0	0	1	187.175.34.7	dsl-187-175-34-7-dyn.prod-infinitum.com.mx	0	01/01/70 0:00	46	25/12/14 23:11
453	454	5041.32	526.69	500	3920.45	5625	2568.77	2078.1	2858.01	0	0	103.64	266230	0	0	0	1	187.175.70.55	dsl-187-175-70-55-dyn.prod-infinitum.com.mx	0	01/01/70 0:00	46	27/11/14 18:00
454	455	0	136.09	100	0	0	0	0	0	0	215.7	0	21570	0	0	0	1	187.175.70.55	dsl-187-175-70-55-dyn.prod-infinitum.com.mx	0	01/01/70 0:00	46	27/11/14 23:53
455	456	0	124.38	100	0	0	0	0	0	0	336.77	0	33680	0	0	0	1	187.175.70.55	dsl-187-175-70-55-dyn.prod-infinitum.com.mx	0	01/01/70 0:00	46	28/11/14 0:06
456	457	5328.13	622.98	600	4748.6	6553.4	4560.2	4028.48	5372.31	0	0	182.56	832510	0	0	0	1	189.133.110.37	dsl-189-133-110-37-dyn.prod-infinitum.com.mx	0	01/01/70 0:00	41	28/11/14 23:34
457	458	0	0	0	0	0	0	0	0	0	801	0	0	0	0	0	1	187.175.69.229	dsl-187-175-69-229-dyn.prod-infinitum.com.mx	0	01/01/70 0:00	46	29/11/14 9:50
458	459	8737.37	2044.07	2044	3920.45	16666.67	10616.16	5625	19166.67	0	0	106.27	1128180	0	0	0	1	187.175.59.61	dsl-187-175-59-61-dyn.prod-infinitum.com.mx	0	01/01/70 0:00	46	30/11/14 8:53
459	460	5033.67	2013.32	2013	3920.45	5625	7071.13	6111.11	8437.5	0	0	93.36	660160	0	0	0	1	187.175.1.164	dsl-187-175-1-164-dyn.prod-infinitum.com.mx	0	01/01/70 0:00	46	30/11/14 16:48
460	461	8737.37	2040.71	2041	3920.45	16666.67	13652.78	8625	21083.33	0	0	101.73	1388900	0	0	0	1	187.175.1.164	dsl-187-175-1-164-dyn.prod-infinitum.com.mx	0	01/01/70 0:00	46	30/11/14 16:39
461	462	0	123.87	100	0	0	0	0	0	0	1800	0	180000	0	0	0	1	187.175.1.164	dsl-187-175-1-164-dyn.prod-infinitum.com.mx	0	01/01/70 0:00	46	30/11/14 18:12
462	463	5033.67	2050.19	2050	3920.45	5625	2844.83	2560	3116.48	0	0	258	733970	0	0	0	1	189.236.200.13	dsl-189-236-200-13-dyn.prod-infinitum.com.mx	0	01/01/70 0:00	46	01/12/14 18:44
463	464	5555.56	367.64	400	5555.56	5555.56	5694.45	5555.56	5833.33	0	0	104.45	594790	0	0	0	1	189.243.88.91	dsl-189-243-88-91-dyn.prod-infinitum.com.mx	0	01/01/70 0:00	46	01/12/14 21:33
464	465	0	464.39	500	0	0	0	0	0	0	262.75	0	131380	0	0	0	1	187.175.35.180	dsl-187-175-35-180-dyn.prod-infinitum.com.mx	0	01/01/70 0:00	46	15/12/14 21:02
465	466	0	0	0	0	0	0	0	0	0	53057	0	0	0	0	0	1	189.243.88.194	dsl-189-243-88-194-dyn.prod-infinitum.com.mx	0	01/01/70 0:00	46	03/12/14 13:37
466	467	0	0	0	0	0	0	0	0	0	133.45	0	0	0	0	0	1	189.243.88.194	dsl-189-243-88-194-dyn.prod-infinitum.com.mx	0	01/01/70 0:00	46	03/12/14 13:49
467	468	0	0	0	0	0	0	0	0	0	256.9	0	0	0	0	0	1	189.243.88.194	dsl-189-243-88-194-dyn.prod-infinitum.com.mx	0	01/01/70 0:00	46	03/12/14 13:59
468	469	0	0	0	0	0	0	0	0	0	218.04	0	0	0	0	0	1	189.243.88.194	dsl-189-243-88-194-dyn.prod-infinitum.com.mx	0	01/01/70 0:00	46	03/12/14 14:10
469	470	0	0	0	0	0	0	0	0	0	133.03	0	0	0	0	0	1	189.243.88.194	dsl-189-243-88-194-dyn.prod-infinitum.com.mx	0	01/01/70 0:00	46	03/12/14 14:20
470	471	0	0	0	0	0	0	0	0	0	200.39	0	0	0	0	0	1	189.243.88.194	dsl-189-243-88-194-dyn.prod-infinitum.com.mx	0	01/01/70 0:00	46	03/12/14 14:59
471	472	0	0	0	0	0	0	0	0	0	43330	0	0	0	0	0	1	187.175.0.81	dsl-187-175-0-81-dyn.prod-infinitum.com.mx	0	01/01/70 0:00	46	13/12/14 8:34
472	473	6911.64	2002.66	2003	4034.09	11075.83	7169.59	4639.2	11075.83	0	0	29.19	209280	0	0	0	1	189.236.200.11	dsl-189-236-200-11-dyn.prod-infinitum.com.mx	0	01/01/70 0:00	46	04/12/14 11:10
473	474	7111.95	508.84	500	3300	9259.26	4246.25	1900.8	5466.67	0	0	1050	4458560	0	0	0	1	189.236.200.11	dsl-189-236-200-11-dyn.prod-infinitum.com.mx	0	01/01/70 0:00	46	04/12/14 12:48
474	475	10183.98	1045.11	1045	9761.9	10606.06	7216.74	6262.77	8170.71	0	0	47.65	343880	0	0	0	1	189.236.200.11	dsl-189-236-200-11-dyn.prod-infinitum.com.mx	0	01/01/70 0:00	46	04/12/14 15:30
475	476	10183.98	1045.11	1045	9761.9	10606.06	7216.74	6262.77	8170.71	0	0	47.65	343880	0	0	0	1	189.236.200.11	dsl-189-236-200-11-dyn.prod-infinitum.com.mx	0	01/01/70 0:00	46	04/12/14 15:57
476	477	0	98.42	100	0	0	0	0	0	0	14941.92	0	1494190	0	0	0	1	189.236.200.11	dsl-189-236-200-11-dyn.prod-infinitum.com.mx	0	01/01/70 0:00	46	04/12/14 16:32
477	478	0	106.53	100	0	0	0	0	0	0	7285.17	0	728520	0	0	0	1	189.236.200.11	dsl-189-236-200-11-dyn.prod-infinitum.com.mx	0	01/01/70 0:00	46	04/12/14 16:57
478	479	0	1.79	2	0	0	0	0	0	0	900000	0	1800000	0	0	0	1	189.236.200.11	dsl-189-236-200-11-dyn.prod-infinitum.com.mx	0	01/01/70 0:00	46	04/12/14 17:27
479	480	0	29.49	30	0	0	0	0	0	0	28388.5	0	851660	0	0	0	1	189.236.200.11	dsl-189-236-200-11-dyn.prod-infinitum.com.mx	0	01/01/70 0:00	46	04/12/14 17:44
480	481	8775.25	3002.05	3002	4034.09	16666.67	8072.42	3276.69	17250	0	0	96	774950	0	0	0	1	187.175.68.14	dsl-187-175-68-14-dyn.prod-infinitum.com.mx	0	01/01/70 0:00	46	06/12/14 11:15
481	482	0	0	0	0	0	0	0	0	0	13053	0	0	0	0	0	1	187.175.68.14	dsl-187-175-68-14-dyn.prod-infinitum.com.mx	0	01/01/70 0:00	46	06/12/14 11:36
482	483	0	0	0	0	0	0	0	0	0	214	0	0	0	0	0	1	187.175.68.14	dsl-187-175-68-14-dyn.prod-infinitum.com.mx	0	01/01/70 0:00	46	06/12/14 17:13
483	484	0	0	0	0	0	0	0	0	0	188.82	0	0	0	0	0	1	187.175.68.14	dsl-187-175-68-14-dyn.prod-infinitum.com.mx	0	01/01/70 0:00	46	06/12/14 18:56
484	485	0	0	0	0	0	0	0	0	0	262.5	0	0	0	0	0	1	187.175.68.14	dsl-187-175-68-14-dyn.prod-infinitum.com.mx	0	01/01/70 0:00	46	06/12/14 19:06
485	486	6875	222.71	200	5000	8750	4657.5	3645	5670	0	0	63	293420	0	0	0	1	189.243.88.59	dsl-189-243-88-59-dyn.prod-infinitum.com.mx	0	01/01/70 0:00	46	24/12/14 11:51
486	487	0	10.11	10	0	0	0	0	0	0	24748	0	247480	0	0	0	1	189.236.230.200	dsl-189-236-230-200-dyn.prod-infinitum.com.mx	0	01/01/70 0:00	46	08/12/14 16:02
487	488	0	7.22	7	0	0	0	0	0	0	22131.25	0	154920	0	0	0	1	187.175.7.114	dsl-187-175-7-114-dyn.prod-infinitum.com.mx	0	01/01/70 0:00	46	29/12/14 16:25
488	489	0	0	0	0	0	0	0	0	0	234.28	0	0	0	0	0	1	189.236.230.200	dsl-189-236-230-200-dyn.prod-infinitum.com.mx	0	01/01/70 0:00	46	08/12/14 16:47
489	490	0	165.73	200	0	0	0	0	0	0	3441.29	0	688260	0	0	0	1	189.133.116.175	dsl-189-133-116-175-dyn.prod-infinitum.com.mx	0	01/01/70 0:00	41	11/12/14 13:47
490	491	0	123.36	100	0	0	0	0	0	0	0	108.5	0	0	0	0	1	189.133.116.175	dsl-189-133-116-175-dyn.prod-infinitum.com.mx	0	01/01/70 0:00	41	12/12/14 1:18
491	492	0	3397.53	3398	0	0	0	0	0	0	87.1	0	295970	0	0	0	1	189.133.83.237	dsl-189-133-83-237-dyn.prod-infinitum.com.mx	0	01/01/70 0:00	41	22/12/14 17:32
492	493	0	12.25	10	0	0	0	0	0	0	2000000	0	20000000	0	0	0	1	189.133.83.237	dsl-189-133-83-237-dyn.prod-infinitum.com.mx	0	01/01/70 0:00	41	18/12/14 12:15
493	494	0	0	0	0	0	0	0	0	0	526.95	0	0	0	0	0	1	187.175.35.180	dsl-187-175-35-180-dyn.prod-infinitum.com.mx	0	01/01/70 0:00	46	15/12/14 20:57
494	495	0	0	0	0	0	0	0	0	0	736	0	0	0	0	0	1	187.175.35.180	dsl-187-175-35-180-dyn.prod-infinitum.com.mx	0	01/01/70 0:00	46	16/12/14 11:00
495	496	0	113.18	100	0	0	0	0	0	0	1885.8	0	188580	0	0	0	1	187.175.57.94	dsl-187-175-57-94-dyn.prod-infinitum.com.mx	0	01/01/70 0:00	46	17/12/14 17:30
496	497	7513.53	966.36	1000	6569.34	8457.71	3062.31	2894.72	3229.9	0	0	187.7	574800	0	0	0	1	189.236.202.15	dsl-189-236-202-15-dyn.prod-infinitum.com.mx	0	01/01/70 0:00	46	16/12/14 23:08
497	498	0	0	0	0	0	0	0	0	0	325	0	0	0	0	0	1	187.175.68.180	dsl-187-175-68-180-dyn.prod-infinitum.com.mx	0	01/01/70 0:00	46	17/12/14 10:53
498	499	0	0	0	0	0	0	0	0	0	1492.17	0	0	0	0	0	1	189.243.90.67	dsl-189-243-90-67-dyn.prod-infinitum.com.mx	0	01/01/70 0:00	46	17/12/14 13:42
499	500	0	0	0	0	0	0	0	0	0	240	0	0	0	0	0	1	189.236.227.193	dsl-189-236-227-193-dyn.prod-infinitum.com.mx	0	01/01/70 0:00	46	18/12/14 11:27
500	501	0	6482.42	6482	0	0	0	0	0	0	0	756.77	0	0	0	0	1	189.133.83.237	dsl-189-133-83-237-dyn.prod-infinitum.com.mx	0	01/01/70 0:00	41	18/12/14 14:42
501	502	0	649.48	600	0	0	0	0	0	0	106.93	0	64160	0	0	0	1	189.133.83.237	dsl-189-133-83-237-dyn.prod-infinitum.com.mx	0	01/01/70 0:00	41	20/12/14 18:25
502	503	0	0	0	0	0	0	0	0	0	326.85	0	0	0	0	0	1	187.175.60.6	dsl-187-175-60-6-dyn.prod-infinitum.com.mx	0	01/01/70 0:00	46	20/12/14 21:57
503	504	0	0	0	0	0	0	0	0	0	4586.69	0	0	0	0	0	1	189.236.201.233	dsl-189-236-201-233-dyn.prod-infinitum.com.mx	0	01/01/70 0:00	46	21/12/14 11:44
504	505	0	151.09	200	0	0	0	0	0	0	649.48	0	129900	0	0	0	1	189.133.83.237	dsl-189-133-83-237-dyn.prod-infinitum.com.mx	0	01/01/70 0:00	41	23/12/14 2:01
505	506	0	355.43	400	0	0	0	0	0	0	9999.95	0	3999980	0	0	0	1	189.133.119.215	dsl-189-133-119-215-dyn.prod-infinitum.com.mx	0	01/01/70 0:00	41	03/01/15 12:09
506	507	0	300	300	0	0	0	0	0	0	0	102.38	0	0	0	0	1	187.175.39.177	dsl-187-175-39-177-dyn.prod-infinitum.com.mx	0	01/01/70 0:00	46	04/01/15 12:56
507	508	0	0	0	0	0	0	0	0	0	185.25	0	0	0	0	0	1	187.175.39.177	dsl-187-175-39-177-dyn.prod-infinitum.com.mx	0	01/01/70 0:00	46	04/01/15 17:51
508	509	8775.25	963.46	1000	4034.09	16666.67	6205.42	3104.23	11400	0	0	134.2	832770	0	0	0	1	187.175.39.177	dsl-187-175-39-177-dyn.prod-infinitum.com.mx	0	01/01/70 0:00	46	04/01/15 19:29