129	130	0	0	0		0	1	1	1	1	0	0	0	0			0	0	0	0	0	1			0	1970-01-01	0	1970-01-01
130	131	0	3497.06	3497		582250.5	1	1	1	1	0	0	0	0			0	0	0	0	582250.5	1			0	1970-01-01	0	1970-01-01
132	133	0	2280.85	2281		513225	2	1	1	1	0	0	1	0			0	0	0	0	513225	1	189.236.11.251	dsl-189-236-11-251-dyn.prod-infinitum.com.mx	0	1970-01-01	47	2014-07-24
133	134	0	825	800		326520	2	1	1	1	0	0	1	0			0	0	0	0	326520	1	189.133.85.195	dsl-189-133-85-195-dyn.prod-infinitum.com.mx	0	1970-01-01	41	2014-07-31
135	136	0	0	0		0	1	1	1	1	0	0	0	0			0	0	0	0	0	1			0	1970-01-01	0	1970-01-01
136	137	0	1220.74	1221		305250	1	2	2	1	20	30	1	0			91.1	564820	0	0	870070	1	187.175.60.50	dsl-187-175-60-50-dyn.prod-infinitum.com.mx	0	1970-01-01	46	2014-08-01
137	138	0	5343.96	5344		197728	2	3	4	3	25	35	1	5			78.94	275747.29	0	0	473475.29	1	189.133.132.209	dsl-189-133-132-209-dyn.prod-infinitum.com.mx	0	1970-01-01	41	2014-08-13
138	139	0	1.19	1		0	2	1	1	1	0	0	1	0			0	0	0	0	0	1	189.133.89.211	dsl-189-133-89-211-dyn.prod-infinitum.com.mx	0	1970-01-01	58	2014-08-01
139	140	0	0	0		0	1	1	1	1	0	0	0	0			0	0	0	0	0	1			0	1970-01-01	0	1970-01-01
140	141	0	2617.06	2617		274785	3	2	2	2	15	45	1	0			214.09	907452.08	0	0	1182237.08	1	189.236.68.82	dsl-189-236-68-82-dyn.prod-infinitum.com.mx	0	1970-01-01	41	2014-08-15
141	142	0	0	0		149016.24	2	1	1	1	0	0	1	0			0	0	0	0	149016.24	1	187.175.6.74	dsl-187-175-6-74-dyn.prod-infinitum.com.mx	0	1970-01-01	46	2014-08-04
142	143	0	0	0		16560	2	1	1	1	0	0	1	0			0	0	0	0	16560	1	187.175.57.92	dsl-187-175-57-92-dyn.prod-infinitum.com.mx	0	1970-01-01	46	2014-08-04
143	144	0	0	0		29880	2	1	1	1	0	0	1	0			0	0	0	0	29880	1	187.175.57.92	dsl-187-175-57-92-dyn.prod-infinitum.com.mx	0	1970-01-01	46	2014-08-04
144	145	0	134.82	100		12960	2	2	5	1	20	35	1	0			104.83	73372.81	0	0	86332.81	1	187.175.57.92	dsl-187-175-57-92-dyn.prod-infinitum.com.mx	0	1970-01-01	46	2014-08-04
145	146	0	0	0		128550.59	2	1	1	1	0	0	1	0			0	0	0	0	128550.59	1	189.243.89.9	dsl-189-243-89-9-dyn.prod-infinitum.com.mx	0	1970-01-01	46	2014-08-04
146	147	0	0	0		93571.18	2	1	1	1	0	0	1	0			0	0	0	0	93571.18	1	189.243.89.9	dsl-189-243-89-9-dyn.prod-infinitum.com.mx	0	1970-01-01	46	2014-08-04
147	148	0	0	0		100800	2	1	1	1	0	0	1	0			0	0	0	0	100800	1	189.243.89.9	dsl-189-243-89-9-dyn.prod-infinitum.com.mx	0	1970-01-01	46	2014-08-04
148	149	0	0	0		79548.41	2	1	1	1	0	0	1	0			0	0	0	0	79548.41	1	187.175.6.74	dsl-187-175-6-74-dyn.prod-infinitum.com.mx	0	1970-01-01	46	2014-08-04
149	150	0	0	0		92507.22	2	1	1	1	0	0	1	0			0	0	0	0	92507.22	1	187.175.6.74	dsl-187-175-6-74-dyn.prod-infinitum.com.mx	0	1970-01-01	46	2014-08-04
151	152	0	179.58	200		73187.71	2	2	6	1	24	30	1	0			116.4	135062.99	0	0	208250.7	1	187.175.6.74	dsl-187-175-6-74-dyn.prod-infinitum.com.mx	0	1970-01-01	46	2014-08-05
152	153	0	0	0		60000	2	1	1	1	0	0	1	0			0	0	0	0	60000	1	187.175.6.74	dsl-187-175-6-74-dyn.prod-infinitum.com.mx	0	1970-01-01	46	2014-08-05
153	154	0	0	0		60000	2	1	1	1	0	0	1	0			0	0	0	0	60000	1	187.175.6.74	dsl-187-175-6-74-dyn.prod-infinitum.com.mx	0	1970-01-01	46	2014-08-05
154	155	0	0	0		51794.4	2	1	1	1	0	0	1	0			0	0	0	0	51794.4	1	187.175.6.74	dsl-187-175-6-74-dyn.prod-infinitum.com.mx	0	1970-01-01	46	2014-08-05
155	156	0	0	0		86400	2	1	1	1	0	0	1	0			0	0	0	0	86400	1	187.175.6.74	dsl-187-175-6-74-dyn.prod-infinitum.com.mx	0	1970-01-01	46	2014-08-05
156	157	0	0	0		139800	2	1	1	1	0	0	1	0			0	0	0	0	139800	1	187.175.6.74	dsl-187-175-6-74-dyn.prod-infinitum.com.mx	0	1970-01-01	46	2014-08-05
157	158	0	0	0		27330.05	2	2	6	1	1	50	1	0			68	122367.7	0	0	149697.75	1	187.175.6.74	dsl-187-175-6-74-dyn.prod-infinitum.com.mx	0	1970-01-01	46	2014-08-05
158	159	0	248.87	200		9866080	2	1	1	1	0	0	1	0			0	0	0	0	9866080	1	187.175.37.178	dsl-187-175-37-178-dyn.prod-infinitum.com.mx	0	1970-01-01	46	2014-08-07
159	160	0	0	0		23775.7	2	2	6	1	5	45	1	0			69.86	70023	0	0	93798.7	1	187.175.6.74	dsl-187-175-6-74-dyn.prod-infinitum.com.mx	0	1970-01-01	46	2014-08-06
160	161	0	0	0		50143.27	2	1	1	1	0	0	1	0			0	0	0	0	50143.27	1	187.175.6.74	dsl-187-175-6-74-dyn.prod-infinitum.com.mx	0	1970-01-01	46	2014-08-06
161	162	0	0	0		109287.27	2	1	1	1	0	0	1	0			0	0	0	0	109287.27	1	187.175.6.74	dsl-187-175-6-74-dyn.prod-infinitum.com.mx	0	1970-01-01	46	2014-08-06
162	163	0	0	0		119732.25	2	1	1	1	0	0	1	0			0	0	0	0	119732.25	1	187.175.6.74	dsl-187-175-6-74-dyn.prod-infinitum.com.mx	0	1970-01-01	46	2014-08-06
163	164	0	248.87	200		9866080	2	1	1	1	0	0	1	0			0	0	0	0	9866080	1	187.175.37.178	dsl-187-175-37-178-dyn.prod-infinitum.com.mx	0	1970-01-01	46	2014-08-07
164	165	0	172.09	200		82991.55	2	2	5	1	46	20	2	0			153.92	361937.3	0	0	444928.85	1	187.175.64.113	dsl-187-175-64-113-dyn.prod-infinitum.com.mx	0	1970-01-01	46	2014-08-08
165	166	0	173.62	200		78690.65	2	2	6	1	16	44	1	0			311.21	368752.73	0	0	447443.38	1	187.175.70.19	dsl-187-175-70-19-dyn.prod-infinitum.com.mx	0	1970-01-01	46	2014-08-06
166	167	0	0	0		126873.68	2	1	1	1	0	0	1	0			0	0	0	0	126873.68	1	187.175.70.19	dsl-187-175-70-19-dyn.prod-infinitum.com.mx	0	1970-01-01	46	2014-08-06
168	169	0	0	0		75855.44	2	1	1	1	0	0	1	0			0	0	0	0	75855.44	1	187.175.70.19	dsl-187-175-70-19-dyn.prod-infinitum.com.mx	0	1970-01-01	46	2014-08-06
169	170	0	0	0		77635.58	2	1	1	1	0	0	1	0			0	0	0	0	77635.58	1	187.175.70.19	dsl-187-175-70-19-dyn.prod-infinitum.com.mx	0	1970-01-01	46	2014-08-06
170	171	0	326.95	300		227941.29	2	2	3	3	10	40	1	0			92.57	199307.84	0	0	427249.13	1	187.187.44.202	customer-mred-202.static.metrored.net.mx	0	1970-01-01	9	2014-08-06
171	172	0	1490.58	1491		0	1	1	1	1	0	0	0	0			0	0	0	0	0	1			0	1970-01-01	0	1970-01-01
172	173	0	0	0		27385.78	2	1	1	1	0	0	1	0			0	0	0	0	27385.78	1	187.175.37.178	dsl-187-175-37-178-dyn.prod-infinitum.com.mx	0	1970-01-01	46	2014-08-07
173	174	0	0	0		17014.4	2	1	1	1	0	0	1	0			0	0	0	0	17014.4	1	187.175.37.178	dsl-187-175-37-178-dyn.prod-infinitum.com.mx	0	1970-01-01	46	2014-08-07
174	175	0	0	0		10962	2	1	1	1	0	0	1	0			0	0	0	0	10962	1	187.175.37.178	dsl-187-175-37-178-dyn.prod-infinitum.com.mx	0	1970-01-01	46	2014-08-07
175	176	0	0	0		104592	2	1	1	1	0	0	1	0			0	0	0	0	104592	1	187.175.64.113	dsl-187-175-64-113-dyn.prod-infinitum.com.mx	0	1970-01-01	46	2014-08-07
176	177	0	0	0		144000	2	1	1	1	0	0	1	0			0	0	0	0	144000	1	187.175.64.113	dsl-187-175-64-113-dyn.prod-infinitum.com.mx	0	1970-01-01	46	2014-08-07
177	178	0	0	0		72000	2	1	1	1	0	0	1	0			0	0	0	0	72000	1	187.175.64.113	dsl-187-175-64-113-dyn.prod-infinitum.com.mx	0	1970-01-01	46	2014-08-07
178	179	0	0	0		89676	2	1	1	1	0	0	1	0			0	0	0	0	89676	1	187.175.64.113	dsl-187-175-64-113-dyn.prod-infinitum.com.mx	0	1970-01-01	46	2014-08-07
179	180	0	0	0		60480	2	1	1	1	0	0	1	0			0	0	0	0	60480	1	187.175.66.193	dsl-187-175-66-193-dyn.prod-infinitum.com.mx	0	1970-01-01	46	2014-08-18
180	181	0	0	0		114762	2	1	1	1	0	0	1	0			0	0	0	0	114762	1	187.175.60.139	dsl-187-175-60-139-dyn.prod-infinitum.com.mx	0	1970-01-01	46	2014-08-12
181	182	0	0	0		29952	2	1	1	1	0	0	1	0			0	0	0	0	29952	1	187.175.64.113	dsl-187-175-64-113-dyn.prod-infinitum.com.mx	0	1970-01-01	46	2014-08-08
182	183	0	0	0		10945.38	2	1	1	1	0	0	1	0			0	0	0	0	10945.38	1	187.175.64.113	dsl-187-175-64-113-dyn.prod-infinitum.com.mx	0	1970-01-01	46	2014-08-08
183	184	0	1861.78	1862		173352.2	2	1	1	1	0	0	1	0			0	0	0	0	173352.2	1	189.133.84.192	dsl-189-133-84-192-dyn.prod-infinitum.com.mx	0	1970-01-01	52	2014-08-09
184	185	0	504.15	500		111000	2	2	3	1	17	43	1	0			100	248933.25	0	0	359933.25	1	187.175.64.113	dsl-187-175-64-113-dyn.prod-infinitum.com.mx	0	1970-01-01	46	2014-08-09
185	186	0	0	0		0	1	1	1	1	0	0	0	0			0	0	0	0	0	1			0	1970-01-01	0	1970-01-01
186	187	0	0	0		0	1	1	1	1	0	0	0	0			0	0	0	0	0	1			0	1970-01-01	0	1970-01-01
187	188	0	0	0		149235.72	2	1	1	1	0	0	1	0			0	0	0	0	149235.72	1	187.175.64.113	dsl-187-175-64-113-dyn.prod-infinitum.com.mx	0	1970-01-01	46	2014-08-10
188	189	0	0	0		149235.72	2	1	1	1	0	0	1	0			0	0	0	0	149235.72	1	187.175.64.113	dsl-187-175-64-113-dyn.prod-infinitum.com.mx	0	1970-01-01	46	2014-08-10
189	190	0	0	0		0	2	2	3	1	15	45	1	0			0	0	0	0	0	1	187.187.44.202	customer-mred-202.static.metrored.net.mx	0	1970-01-01	9	2014-08-11
190	191	0	753.26	800		84000	2	1	1	1	0	0	1	0			0	0	0	0	84000	1	189.133.132.209	dsl-189-133-132-209-dyn.prod-infinitum.com.mx	0	1970-01-01	41	2014-08-12
191	192	0	250.68	300		2237718.83	1	5	10	1	10	30	1	0			815.74	2064841.88	0	4495333.75	8797894.46	1	187.175.60.139	dsl-187-175-60-139-dyn.prod-infinitum.com.mx	0	1970-01-01	46	2014-08-12
192	193	0	0	0		0	1	1	1	1	0	0	0	0			0	0	0	0	0	1			0	1970-01-01	0	1970-01-01
193	194	0	0	0		0	2	1	1	1	0	0	1	0			0	0	0	0	0	1	187.175.60.139	dsl-187-175-60-139-dyn.prod-infinitum.com.mx	0	1970-01-01	46	2014-08-12
194	195	0	0	0		0	1	1	1	1	0	0	0	0			0	0	0	0	0	1			0	1970-01-01	0	1970-01-01
197	198	0	686.99	700		209370	2	1	1	1	0	0	1	0			0	0	0	0	209370	1	189.133.88.15	dsl-189-133-88-15-dyn.prod-infinitum.com.mx	0	1970-01-01	41	2014-08-27
198	199	0	803.46	800		64240	2	2	6	4	16	24	1	0			40.89	53647.68	0	0	117887.68	1	189.236.68.82	dsl-189-236-68-82-dyn.prod-infinitum.com.mx	0	1970-01-01	41	2014-08-16
199	200	0	0	0		0	1	1	1	1	0	0	0	0			0	0	0	0	0	1			0	1970-01-01	0	1970-01-01
200	201	0	0	0		0	1	1	1	1	0	0	0	0			0	0	0	0	0	1			0	1970-01-01	0	1970-01-01
201	202	0	0	0		0	1	1	1	1	0	0	0	0			0	0	0	0	0	1			0	1970-01-01	0	1970-01-01
202	203	0	7884.09	7884		815994	5	2	2	1	20	40	2	0			91.86	771003.95	0	41382	1628379.95	1	189.133.136.0	189.133.136.0	0	1970-01-01	52	2014-08-20
203	204	0	978.46	1000		787150	2	1	1	1	0	0	1	0			183.14	269215.8	0	0	1056365.8	1	187.175.37.226	dsl-187-175-37-226-dyn.prod-infinitum.com.mx	0	1970-01-01	46	2014-08-20
205	206	0	0	0		48640	2	2	6	1	20	40	1	0			91	71406.56	0	0	120046.56	1	187.175.69.51	dsl-187-175-69-51-dyn.prod-infinitum.com.mx	0	1970-01-01	46	2014-08-28
206	207	0	1140.05	1140		144039	1	2	3	1	1	60	2	0			156.54	607642.71	0	0	751681.71	1	187.175.69.51	dsl-187-175-69-51-dyn.prod-infinitum.com.mx	0	1970-01-01	46	2014-08-28
207	208	0	447.47	400		320000	2	1	1	1	0	0	1	0			0	0	0	0	320000	1	187.175.69.51	dsl-187-175-69-51-dyn.prod-infinitum.com.mx	0	1970-01-01	46	2014-08-28
208	209	0	0	0		0	7	1	5	1	0	0	1	0			0	0	0	0	0	1	177.233.66.134	host-177-233-66-134.static.metrored.net.mx	0	1970-01-01	9	2014-09-04
209	210	0	0	0		0	1	1	1	1	0	0	0	0			0	0	0	0	0	1			0	1970-01-01	0	1970-01-01
210	211	0	5413.55	5414		281009.34	7	1	1	1	0	0	1	0			0	0	0	0	281009.34	1	189.236.254.45	dsl-189-236-254-45-dyn.prod-infinitum.com.mx	0	1970-01-01	52	2014-09-02
211	212	0	73.07	70		623000	2	1	1	1	0	0	1	0			0	0	0	0	623000	1	187.175.1.141	dsl-187-175-1-141-dyn.prod-infinitum.com.mx	0	1970-01-01	46	2014-08-25
212	213	0	0	0		17469.54	2	2	5	3	10	30	1	0			43.03	42491.13	0	0	59960.67	1	187.175.68.161	dsl-187-175-68-161-dyn.prod-infinitum.com.mx	0	1970-01-01	46	2014-09-03
213	214	0	5989.69	5990		120974.04	4	3	2	1	10	40	1	1			93.5	1136025	32.63	56700	1313731.67	1	189.236.71.216	dsl-189-236-71-216-dyn.prod-infinitum.com.mx	0	1970-01-01	52	2014-08-27
214	215	0	0	0		145670.33	2	1	1	1	0	0	1	0			0	0	0	0	145670.33	1	189.243.89.154	dsl-189-243-89-154-dyn.prod-infinitum.com.mx	0	1970-01-01	46	2014-08-26
215	216	0	0	0		141921	2	1	1	1	0	0	1	0			0	0	0	0	141921	1	187.175.3.127	dsl-187-175-3-127-dyn.prod-infinitum.com.mx	0	1970-01-01	46	2014-08-26
216	217	0	0	0		149737.39	2	1	1	1	0	0	1	0			0	0	0	0	149737.39	1	187.175.3.127	dsl-187-175-3-127-dyn.prod-infinitum.com.mx	0	1970-01-01	46	2014-08-26
217	218	0	0	0		79019.36	2	1	1	1	0	0	1	0			0	0	0	0	79019.36	1	187.175.3.127	dsl-187-175-3-127-dyn.prod-infinitum.com.mx	0	1970-01-01	46	2014-08-26
218	219	0	0	0		26937	2	1	1	1	0	0	1	0			0	0	0	0	26937	1	187.175.3.127	dsl-187-175-3-127-dyn.prod-infinitum.com.mx	0	1970-01-01	46	2014-08-26
219	220	0	0	0		15970.14	2	1	1	1	0	0	1	0			0	0	0	0	15970.14	1	187.175.68.161	dsl-187-175-68-161-dyn.prod-infinitum.com.mx	0	1970-01-01	46	2014-09-03
220	221	0	0	0		0	1	1	1	1	0	0	0	0			0	0	0	0	0	1			0	1970-01-01	0	1970-01-01
221	222	0	0	0		29213.94	2	1	1	1	0	0	1	0			0	0	0	0	29213.94	1	187.175.69.51	dsl-187-175-69-51-dyn.prod-infinitum.com.mx	0	1970-01-01	46	2014-08-27
222	223	0	1149.86	1150		254280	1	2	2	1	10	50	1	0			91.1	261958.05	0	0	516238.05	1	187.175.69.51	dsl-187-175-69-51-dyn.prod-infinitum.com.mx	0	1970-01-01	46	2014-08-28
223	224	0	0	0		145800	2	1	1	1	0	0	1	0			0	0	0	0	145800	1	187.175.33.35	dsl-187-175-33-35-dyn.prod-infinitum.com.mx	0	1970-01-01	46	2014-08-29
224	225	0	615.82	600		162000	7	1	6	1	0	0	1	0			0	0	0	0	162000	1	189.133.88.15	dsl-189-133-88-15-dyn.prod-infinitum.com.mx	0	1970-01-01	41	2014-08-29
225	226	0	1094.07	1094		173563.1	3	2	3	1	10	60	1	0			221.57	1064828.68	0	0	1238391.78	1	187.175.26.248	dsl-187-175-26-248-dyn.prod-infinitum.com.mx	0	1970-01-01	41	2014-09-01
226	227	0	4845.3	4845		199205.11	2	2	3	1	10	50	1	0			66.64	150903.36	0	0	350108.47	1	187.175.33.35	dsl-187-175-33-35-dyn.prod-infinitum.com.mx	0	1970-01-01	46	2014-08-29
227	228	0	813.13	800		104816	2	2	6	1	10	50	1	0			42.75	114708.74	0	0	219524.74	1	187.175.33.35	dsl-187-175-33-35-dyn.prod-infinitum.com.mx	0	1970-01-01	46	2014-08-29
228	229	0	0	0		23827.61	2	1	1	1	0	0	1	0			0	0	0	0	23827.61	1	187.175.33.35	dsl-187-175-33-35-dyn.prod-infinitum.com.mx	0	1970-01-01	46	2014-08-29
229	230	0	0	0		23454.9	2	1	1	1	0	0	1	0			0	0	0	0	23454.9	1	187.175.33.35	dsl-187-175-33-35-dyn.prod-infinitum.com.mx	0	1970-01-01	46	2014-08-29
230	231	0	0	0		23454.9	2	2	1	1	2	58	1	0			39.75	39341.32	0	0	62796.22	1	187.175.33.35	dsl-187-175-33-35-dyn.prod-infinitum.com.mx	0	1970-01-01	46	2014-08-29
231	232	0	0	0		0	1	1	1	1	0	0	0	0			0	0	0	0	0	1			0	1970-01-01	0	1970-01-01
232	233	0	19.94	20		300000	2	2	1	1	24	36	1	0			45	19972.8	0	0	319972.8	1	187.175.33.35	dsl-187-175-33-35-dyn.prod-infinitum.com.mx	0	1970-01-01	46	2014-08-30
233	234	0	22.99	20		124000	2	2	1	1	24	36	1	0			45	25278.08	0	0	149278.08	1	187.175.68.161	dsl-187-175-68-161-dyn.prod-infinitum.com.mx	0	1970-01-01	46	2014-09-02
234	235	0	59.77	60		144714.6	2	1	1	1	0	0	1	0			0	0	0	0	144714.6	1	177.233.66.134	host-177-233-66-134.static.metrored.net.mx	0	1970-01-01	9	2014-08-31
235	236	0	179.33	200		60000	2	1	1	1	0	0	1	0			0	0	0	0	60000	1	177.233.66.134	host-177-233-66-134.static.metrored.net.mx	0	1970-01-01	9	2014-08-31
236	237	0	13.61	10		40318.4	2	1	1	1	0	0	1	0			0	0	0	0	40318.4	1	177.233.66.134	host-177-233-66-134.static.metrored.net.mx	0	1970-01-01	9	2014-08-31
237	238	0	749.52	700		62596.8	2	1	1	2	40	20	1	0			138	277808.04	0	0	340404.84	1	177.233.66.134	host-177-233-66-134.static.metrored.net.mx	0	1970-01-01	9	2014-08-31
238	239	0	0	0		0	1	1	1	1	0	0	0	0			0	0	0	0	0	1			0	1970-01-01	0	1970-01-01
239	240	0	686.27	700		122829.84	1	2	2	1	40	20	1	0			123.77	328631.63	0	0	451461.47	1	177.233.66.134	host-177-233-66-134.static.metrored.net.mx	0	1970-01-01	9	2014-09-04
240	241	0	303.03	300		142163.27	3	2	1	1	29	0	1	0			76	32451.17	0	0	174614.44	1	177.233.66.134	host-177-233-66-134.static.metrored.net.mx	0	1970-01-01	9	2014-09-25
241	242	0	686.27	700		137038.23	2	2	2	3	40	20	1	0			52.88	156439.93	0	0	293478.16	1	177.233.66.134	host-177-233-66-134.static.metrored.net.mx	0	1970-01-01	9	2014-09-04
242	243	0	78.51	80		29792	7	1	5	1	0	0	1	0			0	0	0	0	29792	1	177.233.66.134	host-177-233-66-134.static.metrored.net.mx	0	1970-01-01	9	2014-09-01
243	244	0	27.73	30		90155.67	7	1	5	1	0	0	1	0			0	0	0	0	90155.67	1	177.233.66.134	host-177-233-66-134.static.metrored.net.mx	0	1970-01-01	9	2014-09-09
244	245	0	0	0		138519.4	2	1	1	1	0	0	1	0			0	0	0	0	138519.4	1	189.243.88.85	dsl-189-243-88-85-dyn.prod-infinitum.com.mx	0	1970-01-01	46	2014-09-01
245	246	0	16.4	20		66580.14	7	1	5	1	0	0	1	0			0	0	0	0	66580.14	1	177.233.66.134	host-177-233-66-134.static.metrored.net.mx	0	1970-01-01	9	2014-09-10
246	247	0	0	0		0	1	2	3	1	23	0	1	0			0	0	0	0	0	1	177.233.66.134	host-177-233-66-134.static.metrored.net.mx	0	1970-01-01	9	2014-09-02
247	248	0	373.3	400		10653.6	7	1	5	1	0	0	1	0			0	0	0	0	10653.6	1	177.233.66.134	host-177-233-66-134.static.metrored.net.mx	0	1970-01-01	9	2014-09-02
248	249	0	39.5	40		62853.08	7	1	12	1	0	0	1	0			0	0	0	0	62853.08	1	177.233.66.134	host-177-233-66-134.static.metrored.net.mx	0	1970-01-01	9	2014-09-02
249	250	0	384.1	400		8978.4	7	1	1	1	0	0	1	0			0	0	0	0	8978.4	1	177.233.66.134	host-177-233-66-134.static.metrored.net.mx	0	1970-01-01	9	2014-09-02
250	251	0	0	0		0	7	1	5	1	0	0	1	0			0	0	0	0	0	1	177.233.66.134	host-177-233-66-134.static.metrored.net.mx	0	1970-01-01	9	2014-09-02
251	252	0	0	0		52000	2	1	1	1	0	0	1	0			0	0	0	0	52000	1	187.175.68.161	dsl-187-175-68-161-dyn.prod-infinitum.com.mx	0	1970-01-01	46	2014-09-02
252	253	0	3451.58	3452		452212	1	2	2	1	5	55	1	0			165	654018.75	0	0	1106230.75	1	187.175.67.147	dsl-187-175-67-147-dyn.prod-infinitum.com.mx	0	1970-01-01	46	2014-09-03
253	254	0	0	0		143077.84	2	1	1	1	0	0	1	0			0	0	0	0	143077.84	1	187.175.68.161	dsl-187-175-68-161-dyn.prod-infinitum.com.mx	0	1970-01-01	46	2014-09-03
254	255	0	14.03	10		104284.4	7	1	5	1	0	0	1	0			0	0	0	0	104284.4	1	177.233.66.134	host-177-233-66-134.static.metrored.net.mx	0	1970-01-01	9	2014-09-03
255	256	0	0	0		0	1	1	1	1	0	0	0	0			0	0	0	0	0	1			0	1970-01-01	0	1970-01-01
256	257	0	0	0		0	1	1	1	1	0	0	0	0			0	0	0	0	0	1			0	1970-01-01	0	1970-01-01
257	258	0	0	0		0	7	1	12	1	0	0	1	0			0	0	0	0	0	1	177.233.66.134	host-177-233-66-134.static.metrored.net.mx	0	1970-01-01	9	2014-09-09
258	259	0	793.92	800		32456.32	2	1	1	1	0	0	1	0			0	0	0	0	32456.32	1	177.233.66.134	host-177-233-66-134.static.metrored.net.mx	0	1970-01-01	9	2014-09-09
260	261	0	0	0		40080	2	1	1	1	0	0	1	0			0	0	0	0	40080	1	187.175.67.147	dsl-187-175-67-147-dyn.prod-infinitum.com.mx	0	1970-01-01	46	2014-09-03
261	262	0	0	0		21670	2	1	1	1	0	0	1	0			0	0	0	0	21670	1	187.175.67.147	dsl-187-175-67-147-dyn.prod-infinitum.com.mx	0	1970-01-01	46	2014-09-03
262	263	0	23.85	20		1200000	2	1	1	1	0	0	1	0			0	0	0	0	1200000	1	187.175.67.147	dsl-187-175-67-147-dyn.prod-infinitum.com.mx	0	1970-01-01	46	2014-09-03
263	264	0	2.18	2		106295.54	7	1	5	1	0	0	1	0			0	0	0	0	106295.54	1	177.233.66.134	host-177-233-66-134.static.metrored.net.mx	0	1970-01-01	9	2014-09-04
264	265	0	137.44	100		69277.18	7	1	5	1	0	0	1	0			0	0	0	0	69277.18	1	177.233.66.134	host-177-233-66-134.static.metrored.net.mx	0	1970-01-01	9	2014-09-10
265	266	0	0	0		0	7	1	5	1	0	0	1	0			0	0	0	0	0	1	177.233.66.134	host-177-233-66-134.static.metrored.net.mx	0	1970-01-01	9	2014-09-04
266	267	0	0	0		0	1	1	1	1	0	0	0	0			0	0	0	0	0	1			0	1970-01-01	0	1970-01-01
267	268	0	0	0		0	1	1	1	1	0	0	0	0			0	0	0	0	0	1			0	1970-01-01	0	1970-01-01
268	269	0	14.7	10		109996.6	7	1	5	1	0	0	1	0			0	0	0	0	109996.6	1	177.233.66.134	host-177-233-66-134.static.metrored.net.mx	0	1970-01-01	9	2014-09-21
269	270	0	14.38	10		276265	7	1	5	1	0	0	1	0			0	0	0	0	276265	1	177.233.66.134	host-177-233-66-134.static.metrored.net.mx	0	1970-01-01	9	2014-09-04
270	271	0	0	0		0	7	1	5	1	0	0	1	0			0	0	0	0	0	1	177.233.66.134	host-177-233-66-134.static.metrored.net.mx	0	1970-01-01	9	2014-09-04
271	272	0	8400.99	8401		352842	2	1	1	3	32	28	1	3			59.7	146718.72	14901.12	0	514461.84	1	189.236.196.242	dsl-189-236-196-242-dyn.prod-infinitum.com.mx	0	1970-01-01	41	2014-09-11
272	273	0	0	0		0	1	1	1	1	0	0	0	0			0	0	0	0	0	1			0	1970-01-01	0	1970-01-01
273	274	0	4548.12	4548		170849	2	2	3	1	0	60	1	0			46.07	25338.5	0	0	196187.5	1	189.236.225.44	dsl-189-236-225-44-dyn.prod-infinitum.com.mx	0	1970-01-01	46	2014-09-04
274	275	0	281.1	300		112200	2	1	6	6	0	0	1	0			0	0	0	0	112200	1	189.236.196.242	dsl-189-236-196-242-dyn.prod-infinitum.com.mx	0	1970-01-01	41	2014-09-09
275	276	0	488.28	500		1000000	1	1	1	1	0	0	0	0			0	0	0	0	1000000	1			0	1970-01-01	0	1970-01-01
276	277	0	14.7	10		197994.06	3	2	6	1	50	0	1	0			190.35	87962.52	0	0	285956.58	1	177.233.66.134	host-177-233-66-134.static.metrored.net.mx	0	1970-01-01	9	2014-09-21
277	278	0	0	0		0	1	1	1	1	0	0	0	0			0	0	0	0	0	1			0	1970-01-01	0	1970-01-01
278	279	0	1029.71	1030		128750	2	2	6	1	13	50	2	0			84.32	124827.54	0	0	253577.54	1	189.243.90.215	dsl-189-243-90-215-dyn.prod-infinitum.com.mx	0	1970-01-01	46	2014-09-07
279	280	0	0	0		131220	2	1	1	1	0	0	1	0			0	0	0	0	131220	1	187.175.63.196	dsl-187-175-63-196-dyn.prod-infinitum.com.mx	0	1970-01-01	46	2014-09-08
280	281	0	0	0		146200	2	1	1	1	0	0	1	0			0	0	0	0	146200	1	189.236.226.95	dsl-189-236-226-95-dyn.prod-infinitum.com.mx	0	1970-01-01	46	2014-09-08
281	282	0	146.52	100		304100	2	1	1	1	0	0	1	0			0	0	0	0	304100	1	189.236.226.95	dsl-189-236-226-95-dyn.prod-infinitum.com.mx	0	1970-01-01	46	2014-09-08
282	283	0	934.07	900		228501	2	2	3	1	30	25	1	0			227.33	315557.48	0	0	544058.48	1	103.25.58.14	103.25.58.14	0	1970-01-01	46	2014-09-09
283	284	0	362.02	400		544600	2	1	1	1	0	0	1	0			0	0	0	0	544600	1	189.243.89.189	dsl-189-243-89-189-dyn.prod-infinitum.com.mx	0	1970-01-01	46	2014-09-24
284	285	0	9458.35	9458		0	1	1	1	1	0	0	0	0			0	0	0	0	0	1			0	1970-01-01	0	1970-01-01
285	286	0	335.6	300		228807	2	2	6	1	12	48	1	0			84.64	249072.67	0	0	477879.67	1	103.25.58.14	103.25.58.14	0	1970-01-01	46	2014-09-10
286	287	0	0	0		58246	2	1	1	1	0	0	1	0			0	0	0	0	58246	1	189.243.90.252	dsl-189-243-90-252-dyn.prod-infinitum.com.mx	0	1970-01-01	46	2014-09-11
287	288	0	170.26	200		243909.63	2	2	6	1	1	59	1	0			65.72	32490.33	0	0	276399.96	1	189.243.90.252	dsl-189-243-90-252-dyn.prod-infinitum.com.mx	0	1970-01-01	46	2014-09-11
288	289	0	4158.37	4158		385862.4	2	1	3	4	40	0	1	0			76.56	42697.51	0	0	428559.91	1	189.133.126.228	dsl-189-133-126-228-dyn.prod-infinitum.com.mx	0	1970-01-01	41	2014-09-17
289	290	0	0	0		18000	2	1	1	1	0	0	1	0			0	0	0	0	18000	1	189.243.90.252	dsl-189-243-90-252-dyn.prod-infinitum.com.mx	0	1970-01-01	46	2014-09-11
290	291	0	0	0		0	1	1	1	1	0	0	0	0			0	0	0	0	0	1			0	1970-01-01	0	1970-01-01
291	292	0	3280.3	3280		416512.77	2	5	12	3	20	30	1	0			106.3	185360.63	0	0	601873.4	1	187.175.69.208	dsl-187-175-69-208-dyn.prod-infinitum.com.mx	0	1970-01-01	46	2014-09-14
292	293	0	355.23	400		215998.4	8	1	5	1	0	0	1	0			0	0	0	0	215998.4	1	189.133.107.14	dsl-189-133-107-14-dyn.prod-infinitum.com.mx	0	1970-01-01	41	2014-09-16
293	294	0	3279.79	3280		137760	2	1	3	4	33	0	1	0			42	67603.2	0	0	205363.2	1	189.133.102.205	dsl-189-133-102-205-dyn.prod-infinitum.com.mx	0	1970-01-01	41	2014-09-21
294	295	0	134.4	100		40700	2	1	1	1	0	0	1	0			0	0	0	0	40700	1	189.133.102.205	dsl-189-133-102-205-dyn.prod-infinitum.com.mx	0	1970-01-01	41	2014-09-22
295	296	0	0	0		108375	2	2	5	1	10	40	1	0			55	38793.73	0	0	147168.73	1	187.175.59.32	dsl-187-175-59-32-dyn.prod-infinitum.com.mx	0	1970-01-01	46	2014-09-19
296	297	0	0	0		48000	2	5	6	1	32	28	1	0			29.35	60860.16	0	0	108860.16	1	187.175.59.32	dsl-187-175-59-32-dyn.prod-infinitum.com.mx	0	1970-01-01	46	2014-09-19
297	298	0	24.54	20		168773.51	2	2	5	1	3	57	1	0			98.88	99161.48	0	0	267934.99	1	187.175.59.32	dsl-187-175-59-32-dyn.prod-infinitum.com.mx	0	1970-01-01	46	2014-09-19
298	299	0	500.3	500		360685.54	2	1	1	1	0	0	1	0			49	71442	0	0	432127.54	1	189.133.102.205	dsl-189-133-102-205-dyn.prod-infinitum.com.mx	0	1970-01-01	41	2014-09-22
299	300	0	0	0		0	1	1	1	1	0	0	0	0			0	0	0	0	0	1			0	1970-01-01	0	1970-01-01
300	301	0	0	0		148751.74	2	1	1	1	0	0	1	0			0	0	0	0	148751.74	1	189.243.89.189	dsl-189-243-89-189-dyn.prod-infinitum.com.mx	0	1970-01-01	46	2014-09-24
301	302	0	473.23	500		220096	2	2	6	1	25	35	1	0			93.92	91384.89	0	0	311480.89	1	187.175.38.210	dsl-187-175-38-210-dyn.prod-infinitum.com.mx	0	1970-01-01	46	2014-09-24
302	303	0	0	0		149540.45	2	1	1	1	0	0	1	0			0	0	0	0	149540.45	1	187.175.36.93	dsl-187-175-36-93-dyn.prod-infinitum.com.mx	0	1970-01-01	46	2014-09-25
303	304	0	0	0		70800	2	1	1	1	0	0	1	0			0	0	0	0	70800	1	187.175.36.93	dsl-187-175-36-93-dyn.prod-infinitum.com.mx	0	1970-01-01	46	2014-09-25
304	305	0	0	0		80000	2	1	1	1	0	0	1	0			0	0	0	0	80000	1	187.175.36.93	dsl-187-175-36-93-dyn.prod-infinitum.com.mx	0	1970-01-01	46	2014-09-25
305	306	0	0	0		46660	2	1	1	1	0	0	1	0			0	0	0	0	46660	1	187.175.36.93	dsl-187-175-36-93-dyn.prod-infinitum.com.mx	0	1970-01-01	46	2014-09-25
306	307	0	0	0		52440	2	1	1	1	0	0	1	0			0	0	0	0	52440	1	187.175.36.93	dsl-187-175-36-93-dyn.prod-infinitum.com.mx	0	1970-01-01	46	2014-09-25
307	308	0	797.38	800		153900	2	2	6	1	13	47	1	0			121	88696.6	0	0	242596.6	1	187.175.36.93	dsl-187-175-36-93-dyn.prod-infinitum.com.mx	0	1970-01-01	46	2014-09-26
308	309	0	14.41	10		173998	2	1	1	1	0	0	1	0			0	0	0	0	173998	1	187.175.36.93	dsl-187-175-36-93-dyn.prod-infinitum.com.mx	0	1970-01-01	46	2014-09-26
309	310	0	25.36	30		431103.9	2	1	1	1	0	0	1	0			0	0	0	0	431103.9	1	187.175.36.93	dsl-187-175-36-93-dyn.prod-infinitum.com.mx	0	1970-01-01	46	2014-09-26
310	311	0	0	0		71000	2	2	6	1	12	48	1	0			87.98	61643.19	0	0	132643.19	1	187.175.36.93	dsl-187-175-36-93-dyn.prod-infinitum.com.mx	0	1970-01-01	46	2014-09-26
311	312	0	0	0		135450	2	1	1	1	0	0	1	0			0	0	0	0	135450	1	187.175.36.93	dsl-187-175-36-93-dyn.prod-infinitum.com.mx	0	1970-01-01	46	2014-09-26
312	313	0	0	0		123351	2	1	1	1	0	0	1	0			0	0	0	0	123351	1	187.175.36.93	dsl-187-175-36-93-dyn.prod-infinitum.com.mx	0	1970-01-01	46	2014-09-26
313	314	0	5149.87	5150		1359600	2	1	1	1	20	40	1	0			33.79	85141.3	0	102473.75	1547215.05	1	189.133.130.242	dsl-189-133-130-242-dyn.prod-infinitum.com.mx	0	1970-01-01	41	2014-09-27
314	315	0	0	0		142860	2	1	1	1	0	0	1	0			0	0	0	0	142860	1	187.175.2.91	dsl-187-175-2-91-dyn.prod-infinitum.com.mx	0	1970-01-01	46	2014-09-27
315	316	0	0	0		71801.1	2	1	1	1	0	0	1	0			0	0	0	0	71801.1	1	187.175.2.91	dsl-187-175-2-91-dyn.prod-infinitum.com.mx	0	1970-01-01	46	2014-09-27
316	317	0	0	0		100100	2	1	1	1	0	0	1	0			0	0	0	0	100100	1	187.175.2.91	dsl-187-175-2-91-dyn.prod-infinitum.com.mx	0	1970-01-01	46	2014-09-27
317	318	0	0	0		144291	2	1	1	1	0	0	1	0			0	0	0	0	144291	1	189.236.201.23	dsl-189-236-201-23-dyn.prod-infinitum.com.mx	0	1970-01-01	46	2014-09-28
318	319	0	0	0		72412.2	2	1	1	1	0	0	1	0			0	0	0	0	72412.2	1	187.175.2.91	dsl-187-175-2-91-dyn.prod-infinitum.com.mx	0	1970-01-01	46	2014-09-27
319	320	0	0	0		135400	2	1	1	1	0	0	1	0			0	0	0	0	135400	1	187.175.2.91	dsl-187-175-2-91-dyn.prod-infinitum.com.mx	0	1970-01-01	46	2014-09-27
320	321	0	0	0		36000	2	1	1	1	0	0	1	0			0	0	0	0	36000	1	187.175.2.91	dsl-187-175-2-91-dyn.prod-infinitum.com.mx	0	1970-01-01	46	2014-09-27
321	322	0	0	0		60000	2	1	1	1	0	0	1	0			0	0	0	0	60000	1	187.175.2.91	dsl-187-175-2-91-dyn.prod-infinitum.com.mx	0	1970-01-01	46	2014-09-27
322	323	0	0	0		145366.2	2	1	1	1	0	0	1	0			0	0	0	0	145366.2	1	187.175.2.91	dsl-187-175-2-91-dyn.prod-infinitum.com.mx	0	1970-01-01	46	2014-09-27
323	324	0	0	0		73261.3	2	1	1	1	0	0	1	0			0	0	0	0	73261.3	1	187.175.2.91	dsl-187-175-2-91-dyn.prod-infinitum.com.mx	0	1970-01-01	46	2014-09-27
324	325	0	0	0		80000	2	1	1	1	0	0	1	0			0	0	0	0	80000	1	187.175.2.91	dsl-187-175-2-91-dyn.prod-infinitum.com.mx	0	1970-01-01	46	2014-09-28
325	326	0	0	0		119560	2	1	1	1	0	0	1	0			0	0	0	0	119560	1	187.175.2.91	dsl-187-175-2-91-dyn.prod-infinitum.com.mx	0	1970-01-01	46	2014-09-28
326	327	0	0	0		120000	2	1	1	1	0	0	1	0			0	0	0	0	120000	1	189.236.201.23	dsl-189-236-201-23-dyn.prod-infinitum.com.mx	0	1970-01-01	46	2014-09-28
327	328	0	19.65	20		550658.88	2	2	5	1	3	57	2	0			181.52	205780.66	0	0	756439.54	1	189.236.201.23	dsl-189-236-201-23-dyn.prod-infinitum.com.mx	0	1970-01-01	46	2014-09-28
328	329	0	27.9	30		144922.5	2	1	1	1	0	0	1	0			0	0	0	0	144922.5	1	189.236.201.23	dsl-189-236-201-23-dyn.prod-infinitum.com.mx	0	1970-01-01	46	2014-09-28
329	330	0	25.28	30		820281	2	1	1	1	0	0	1	0			0	0	0	0	820281	1	189.236.229.205	dsl-189-236-229-205-dyn.prod-infinitum.com.mx	0	1970-01-01	46	2014-10-10
330	331	0	993.65	1000		515200	2	1	1	1	0	0	1	0			0	0	0	0	515200	1	189.236.201.23	dsl-189-236-201-23-dyn.prod-infinitum.com.mx	0	1970-01-01	46	2014-09-28
331	332	0	1361.03	1361		326100	2	5	3	1	25	35	1	0			300	124631.25	0	0	450731.25	1	189.236.201.23	dsl-189-236-201-23-dyn.prod-infinitum.com.mx	0	1970-01-01	46	2014-09-28
332	333	0	0	0		34150	2	1	1	1	0	0	1	0			0	0	0	0	34150	1	187.175.3.29	dsl-187-175-3-29-dyn.prod-infinitum.com.mx	0	1970-01-01	46	2014-09-29
333	334	0	0	0		40980	2	1	1	1	0	0	1	0			0	0	0	0	40980	1	187.175.3.29	dsl-187-175-3-29-dyn.prod-infinitum.com.mx	0	1970-01-01	46	2014-09-29
334	335	0	0	0		68184	2	1	1	1	0	0	1	0			0	0	0	0	68184	1	187.175.2.17	dsl-187-175-2-17-dyn.prod-infinitum.com.mx	0	1970-01-01	46	2014-09-29
335	336	0	0	0		35696	2	1	1	1	0	0	1	0			0	0	0	0	35696	1	187.175.2.17	dsl-187-175-2-17-dyn.prod-infinitum.com.mx	0	1970-01-01	46	2014-09-29
336	337	0	967.44	1000		242000	2	2	6	1	11	49	1	0			122.83	118564.97	0	0	360564.97	1	187.175.2.17	dsl-187-175-2-17-dyn.prod-infinitum.com.mx	0	1970-01-01	46	2014-09-29
337	338	0	950.23	1000		393677.42	2	5	6	1	34	30	1	0			429.31	225466.64	0	0	619144.06	1	187.175.2.17	dsl-187-175-2-17-dyn.prod-infinitum.com.mx	0	1970-01-01	46	2014-09-29
338	339	0	0	0		0	1	1	1	1	0	0	0	0			256.62	656947.2	0	0	656947.2	1			0	1970-01-01	0	1970-01-01
339	340	0	149.37	100		1990198.82	2	1	1	1	0	0	1	0			0	0	0	0	1990198.82	1	187.175.33.173	dsl-187-175-33-173-dyn.prod-infinitum.com.mx	0	1970-01-01	46	2014-11-19
340	341	0	857.12	900		360000	2	1	1	1	0	0	1	0			0	0	0	0	360000	1	187.175.58.82	dsl-187-175-58-82-dyn.prod-infinitum.com.mx	0	1970-01-01	46	2014-09-30
341	342	0	1251.83	1252		262262.7	2	2	6	1	20	40	2	0			186.4	134564.49	0	0	396827.19	1	187.175.58.82	dsl-187-175-58-82-dyn.prod-infinitum.com.mx	0	1970-01-01	46	2014-09-30
342	343	0	0	0		100000	2	2	5	1	6	54	1	0			77	46204.91	0	0	146204.91	1	187.175.58.82	dsl-187-175-58-82-dyn.prod-infinitum.com.mx	0	1970-01-01	46	2014-10-01
343	344	0	0	0		39266	2	2	6	1	14	46	1	0			85.79	60055.71	0	0	99321.71	1	187.175.58.82	dsl-187-175-58-82-dyn.prod-infinitum.com.mx	0	1970-01-01	46	2014-10-01
344	345	0	0	0		58140	2	2	6	1	25	35	1	0			47.65	33405.07	0	0	91545.07	1	187.175.58.82	dsl-187-175-58-82-dyn.prod-infinitum.com.mx	0	1970-01-01	46	2014-10-01
345	346	0	0	0		100000	2	1	1	1	0	0	1	0			0	0	0	0	100000	1	187.175.58.82	dsl-187-175-58-82-dyn.prod-infinitum.com.mx	0	1970-01-01	46	2014-10-01
346	347	0	0	0		75600	2	1	1	1	0	0	1	0			0	0	0	0	75600	1	187.175.58.82	dsl-187-175-58-82-dyn.prod-infinitum.com.mx	0	1970-01-01	46	2014-10-01
347	348	0	0	0		147820	2	1	1	1	0	0	1	0			0	0	0	0	147820	1	187.175.58.82	dsl-187-175-58-82-dyn.prod-infinitum.com.mx	0	1970-01-01	46	2014-10-01
348	349	0	0	0		144544	2	1	1	1	0	0	1	0			0	0	0	0	144544	1	187.175.58.82	dsl-187-175-58-82-dyn.prod-infinitum.com.mx	0	1970-01-01	46	2014-10-01
349	350	0	0	0		50000	2	5	6	1	5	55	1	0			73.23	95429.94	0	0	145429.94	1	187.175.58.82	dsl-187-175-58-82-dyn.prod-infinitum.com.mx	0	1970-01-01	46	2014-10-01
350	351	0	244.82	200		253800	2	2	5	1	2	58	1	0			125.67	121951.82	0	0	375751.82	1	187.175.58.82	dsl-187-175-58-82-dyn.prod-infinitum.com.mx	0	1970-01-01	46	2014-10-01
351	352	0	223.21	200		441800	2	2	5	1	40	15	1	0			46.53	9731.17	0	0	451531.17	1	187.175.59.191	dsl-187-175-59-191-dyn.prod-infinitum.com.mx	0	1970-01-01	46	2014-10-06
352	353	0	560.29	600		277020	1	2	6	1	15	45	2	0			247.92	450704.61	0	0	727724.61	1	187.175.58.82	dsl-187-175-58-82-dyn.prod-infinitum.com.mx	0	1970-01-01	46	2014-10-01
353	354	0	0	0		24261	2	1	1	1	0	0	1	0			0	0	0	0	24261	1	187.175.70.233	dsl-187-175-70-233-dyn.prod-infinitum.com.mx	0	1970-01-01	46	2014-10-05
354	355	0	0	0		119976	2	1	1	1	0	0	1	0			0	0	0	0	119976	1	187.175.58.82	dsl-187-175-58-82-dyn.prod-infinitum.com.mx	0	1970-01-01	46	2014-10-02
355	356	0	0	0		80000	2	1	1	1	0	0	1	0			0	0	0	0	80000	1	187.175.58.82	dsl-187-175-58-82-dyn.prod-infinitum.com.mx	0	1970-01-01	46	2014-10-02
356	357	0	0	0		45800	2	2	6	1	5	55	1	0			58.43	99471.37	0	0	145271.37	1	187.175.58.82	dsl-187-175-58-82-dyn.prod-infinitum.com.mx	0	1970-01-01	46	2014-10-02
357	358	0	0	0		104625	2	1	1	1	0	0	1	0			0	0	0	0	104625	1	187.175.58.82	dsl-187-175-58-82-dyn.prod-infinitum.com.mx	0	1970-01-01	46	2014-10-02
358	359	0	520.05	500		42300	1	2	6	1	1	59	2	0			169.2	286746.2	0	0	329046.2	1	187.175.70.233	dsl-187-175-70-233-dyn.prod-infinitum.com.mx	0	1970-01-01	46	2014-10-05
359	360	0	733.2	700		68901	2	1	1	1	0	0	1	0			29.55	67019.4	0	0	135920.4	1	189.133.135.93	dsl-189-133-135-93-dyn.prod-infinitum.com.mx	0	1970-01-01	41	2014-10-08
360	361	0	107.61	100		31531.68	2	2	2	3	18	32	1	0			122.94	147459.15	0	0	178990.83	1	187.237.107.33	customer-187-237-107-33.uninet-ide.com.mx	0	1970-01-01	35	2014-10-10
361	362	0	0	0		83250	2	2	6	1	2	58	1	0			58.91	58910.7	0	0	142160.7	1	187.175.70.233	dsl-187-175-70-233-dyn.prod-infinitum.com.mx	0	1970-01-01	46	2014-10-05
362	363	0	6.62	7		889715.2	2	1	1	1	0	0	1	0			0	0	0	0	889715.2	1	187.175.59.191	dsl-187-175-59-191-dyn.prod-infinitum.com.mx	0	1970-01-01	46	2014-10-06
363	364	0	0	0		80000	2	1	1	1	0	0	1	0			0	0	0	0	80000	1	187.175.59.191	dsl-187-175-59-191-dyn.prod-infinitum.com.mx	0	1970-01-01	46	2014-10-06
364	365	0	1419.58	1420		355000	1	2	2	1	1	59	2	0			192.71	790749.35	0	0	1145749.35	1	187.175.59.191	dsl-187-175-59-191-dyn.prod-infinitum.com.mx	0	1970-01-01	46	2014-10-06
365	366	0	1698.11	1698		193436.16	2	2	6	1	33	27	1	0			64.71	131823.98	0	0	325260.14	1	187.175.37.69	dsl-187-175-37-69-dyn.prod-infinitum.com.mx	0	1970-01-01	46	2014-10-07
366	367	0	0	0		92069	2	1	1	1	0	0	1	0			0	0	0	0	92069	1	187.175.36.216	dsl-187-175-36-216-dyn.prod-infinitum.com.mx	0	1970-01-01	46	2014-10-09
367	368	0	0	0		129980.4	2	1	1	1	0	0	1	0			0	0	0	0	129980.4	1	187.175.36.216	dsl-187-175-36-216-dyn.prod-infinitum.com.mx	0	1970-01-01	46	2014-10-09
368	369	0	498.91	500		0	1	2	1	4	35	31	2	0			245.36	843685.7	0	0	843685.7	1	187.150.145.58	dsl-187-150-145-58-dyn.prod-infinitum.com.mx	0	1970-01-01	39	2014-10-14
369	370	0	172.98	200		49574	2	1	1	1	0	0	1	0			0	0	0	0	49574	1	189.236.196.23	dsl-189-236-196-23-dyn.prod-infinitum.com.mx	0	1970-01-01	41	2014-10-30
370	371	0	258.87	300		128427	2	5	6	1	30	20	1	0			37.66	15811.9	0	0	144238.9	1	189.236.196.23	dsl-189-236-196-23-dyn.prod-infinitum.com.mx	0	1970-01-01	41	2014-10-30
371	372	0	204.36	200		69544	2	1	1	1	0	0	1	0			0	0	0	21461.22	91005.22	1	189.236.196.23	dsl-189-236-196-23-dyn.prod-infinitum.com.mx	0	1970-01-01	41	2014-10-31
372	373	0	5381.74	5382		165980.88	2	1	1	1	0	0	1	0			0	0	0	0	165980.88	1	189.133.80.235	dsl-189-133-80-235-dyn.prod-infinitum.com.mx	0	1970-01-01	41	2014-11-05
373	374	0	654.44	700		428370.25	2	5	15	1	40	20	1	0			394.53	277749.12	0	0	706119.37	1	187.175.5.8	dsl-187-175-5-8-dyn.prod-infinitum.com.mx	0	1970-01-01	46	2014-10-16
374	375	0	160.18	200		716832.2	2	1	1	1	0	0	1	0			0	0	0	0	716832.2	1	189.236.202.62	dsl-189-236-202-62-dyn.prod-infinitum.com.mx	0	1970-01-01	46	2014-11-11
375	376	0	28.54	30		182303.2	2	1	1	1	0	0	1	0			0	0	0	0	182303.2	1	189.243.88.15	dsl-189-243-88-15-dyn.prod-infinitum.com.mx	0	1970-01-01	46	2014-10-12
376	377	0	14.68	10		179249.5	2	1	1	1	0	0	1	0			0	0	0	0	179249.5	1	189.243.88.15	dsl-189-243-88-15-dyn.prod-infinitum.com.mx	0	1970-01-01	46	2014-10-12
377	378	0	14.94	10		39845.4	2	1	1	1	0	0	1	0			0	0	0	0	39845.4	1	189.243.88.15	dsl-189-243-88-15-dyn.prod-infinitum.com.mx	0	1970-01-01	46	2014-10-12
378	379	0	939.56	900		180465.57	2	1	1	1	0	0	1	0			72.74	24586.12	0	0	205051.69	1	189.133.88.29	dsl-189-133-88-29-dyn.prod-infinitum.com.mx	0	1970-01-01	41	2014-10-20
379	380	0	152.84	200		266855.73	2	2	6	1	14	46	1	0			74.57	139943.19	0	0	406798.92	1	187.175.4.67	dsl-187-175-4-67-dyn.prod-infinitum.com.mx	0	1970-01-01	46	2014-10-14
380	381	0	140.52	100		168307	2	1	1	1	0	0	1	0			0	0	0	0	168307	1	187.175.4.67	dsl-187-175-4-67-dyn.prod-infinitum.com.mx	0	1970-01-01	46	2014-10-14
381	382	0	221.14	200		183498	2	2	6	1	20	40	1	0			104.03	181906.21	0	0	365404.21	1	187.175.4.67	dsl-187-175-4-67-dyn.prod-infinitum.com.mx	0	1970-01-01	46	2014-10-14
382	383	0	214.27	200		176734	2	1	1	1	0	0	1	0			0	0	0	0	176734	1	187.175.4.67	dsl-187-175-4-67-dyn.prod-infinitum.com.mx	0	1970-01-01	46	2014-10-14
383	384	0	996.95	1000		75000	2	2	6	1	4	56	2	0			71.25	275577.19	0	0	350577.19	1	189.236.224.209	dsl-189-236-224-209-dyn.prod-infinitum.com.mx	0	1970-01-01	46	2014-10-14
384	385	0	7857.99	7858		4855225.6	2	1	1	1	0	0	1	0			281.73	807832.6	0	0	5663058.2	1	189.133.131.253	dsl-189-133-131-253-dyn.prod-infinitum.com.mx	0	1970-01-01	41	2014-10-16
385	386	0	223.57	200		108586.3	2	2	6	1	10	50	1	0			125.93	226319.82	0	0	334906.12	1	187.175.5.8	dsl-187-175-5-8-dyn.prod-infinitum.com.mx	0	1970-01-01	46	2014-10-16
386	387	0	245.28	200		311072	2	2	6	1	32	28	2	0			295.29	362852.35	0	0	673924.35	1	187.175.5.8	dsl-187-175-5-8-dyn.prod-infinitum.com.mx	0	1970-01-01	46	2014-10-16
387	388	0	245.28	200		311072	2	1	1	1	0	0	1	0			0	0	0	0	311072	1	187.175.5.8	dsl-187-175-5-8-dyn.prod-infinitum.com.mx	0	1970-01-01	46	2014-10-16
388	389	0	625.78	600		195600	2	2	6	1	0	0	1	0			144	144000	0	0	339600	1	187.175.5.8	dsl-187-175-5-8-dyn.prod-infinitum.com.mx	0	1970-01-01	46	2014-10-18
389	390	0	31.29	30		200907	2	1	1	1	0	0	1	0			0	0	0	0	200907	1	187.175.65.191	dsl-187-175-65-191-dyn.prod-infinitum.com.mx	0	1970-01-01	46	2014-10-21
390	391	0	0	0		150000	2	1	1	1	0	0	1	0			0	0	0	0	150000	1	187.175.2.233	dsl-187-175-2-233-dyn.prod-infinitum.com.mx	0	1970-01-01	46	2014-10-19
391	392	0	0	0		148680	2	1	1	1	0	0	1	0			0	0	0	0	148680	1	187.175.2.233	dsl-187-175-2-233-dyn.prod-infinitum.com.mx	0	1970-01-01	46	2014-10-19
392	393	0	7550.09	7550		9200430	7	1	1	2	2	58	1	0			183.97	259855.33	0	0	9460285.33	1	189.133.80.235	dsl-189-133-80-235-dyn.prod-infinitum.com.mx	0	1970-01-01	41	2014-11-05
393	394	0	0	0		85823.7	2	1	1	1	0	0	1	0			0	0	0	0	85823.7	1	187.175.65.191	dsl-187-175-65-191-dyn.prod-infinitum.com.mx	0	1970-01-01	46	2014-10-21
394	395	0	0	0		149200	2	1	1	1	0	0	1	0			0	0	0	0	149200	1	187.175.65.191	dsl-187-175-65-191-dyn.prod-infinitum.com.mx	0	1970-01-01	46	2014-10-21
395	396	0	474.7	500		94300	1	2	6	1	2	58	2	0			252.06	1007729.58	0	0	1102029.58	1	187.175.69.209	dsl-187-175-69-209-dyn.prod-infinitum.com.mx	0	1970-01-01	46	2014-10-22
396	397	0	300	300		94320	2	1	1	1	0	0	1	0			0	0	0	0	94320	1	187.175.69.209	dsl-187-175-69-209-dyn.prod-infinitum.com.mx	0	1970-01-01	46	2014-10-22
397	398	0	0	0		59178	2	1	1	1	0	0	1	0			0	0	0	0	59178	1	189.236.230.167	dsl-189-236-230-167-dyn.prod-infinitum.com.mx	0	1970-01-01	46	2014-10-23
398	399	0	0	0		55734	2	1	1	1	0	0	1	0			0	0	0	0	55734	1	189.236.230.167	dsl-189-236-230-167-dyn.prod-infinitum.com.mx	0	1970-01-01	46	2014-10-23
399	400	0	2968.75	2969		332528	3	1	2	1	0	0	1	0			0	0	0	0	332528	1	189.236.196.23	dsl-189-236-196-23-dyn.prod-infinitum.com.mx	0	1970-01-01	41	2014-10-31
400	401	0	2968.75	2969		332528	2	1	1	1	0	0	1	0			0	0	0	0	332528	1	189.236.196.23	dsl-189-236-196-23-dyn.prod-infinitum.com.mx	0	1970-01-01	41	2014-10-31
401	402	0	0	0		55250	2	1	1	1	0	0	1	0			0	0	0	0	55250	1	187.175.7.239	dsl-187-175-7-239-dyn.prod-infinitum.com.mx	0	1970-01-01	46	2014-10-26
402	403	0	0	0		133000	2	1	1	1	0	0	1	0			0	0	0	0	133000	1	187.175.7.239	dsl-187-175-7-239-dyn.prod-infinitum.com.mx	0	1970-01-01	46	2014-10-26
403	404	0	496.33	500		181730	2	2	6	1	24	30	1	0			78.28	115603.12	0	0	297333.12	1	187.175.7.239	dsl-187-175-7-239-dyn.prod-infinitum.com.mx	0	1970-01-01	46	2014-10-26
404	405	0	1830.14	1830		92284.7	2	4	6	1	15	45	1	3			87.55	254715.78	0	0	347000.48	1	187.175.67.30	dsl-187-175-67-30-dyn.prod-infinitum.com.mx	0	1970-01-01	46	2014-11-09
405	406	0	32.71	30		218689.2	2	2	6	1	34	26	1	0			111.46	41323.29	0	0	260012.49	1	187.175.33.11	dsl-187-175-33-11-dyn.prod-infinitum.com.mx	0	1970-01-01	46	2014-10-31
406	407	0	0	0		20000	2	1	1	1	0	0	1	0			0	0	0	0	20000	1	189.243.88.179	dsl-189-243-88-179-dyn.prod-infinitum.com.mx	0	1970-01-01	46	2014-10-26
407	408	0	413.12	400		178656	2	2	6	1	1	60	1	0			174.5	175987.61	0	0	354643.61	1	187.175.2.78	dsl-187-175-2-78-dyn.prod-infinitum.com.mx	0	1970-01-01	46	2014-10-26
408	409	0	547.5	500		1941150	2	1	1	1	0	0	1	0			0	0	0	0	1941150	1	187.175.2.78	dsl-187-175-2-78-dyn.prod-infinitum.com.mx	0	1970-01-01	46	2014-10-26
409	410	0	15.83	20		203580	2	1	1	1	0	0	1	0			0	0	0	60390	263970	1	189.236.196.23	dsl-189-236-196-23-dyn.prod-infinitum.com.mx	0	1970-01-01	41	2014-10-31
410	411	0	0	0		41000	2	1	1	1	0	0	1	0			0	0	0	0	41000	1	189.236.231.28	dsl-189-236-231-28-dyn.prod-infinitum.com.mx	0	1970-01-01	46	2014-10-28
411	412	0	0	0		57972	2	1	1	1	0	0	1	0			0	0	0	0	57972	1	189.236.231.28	dsl-189-236-231-28-dyn.prod-infinitum.com.mx	0	1970-01-01	46	2014-10-28
412	413	0	399.54	400		1760000	7	1	17	4	15	45	1	0			720	897750	0	0	2657750	1	189.236.196.23	dsl-189-236-196-23-dyn.prod-infinitum.com.mx	0	1970-01-01	41	2014-10-30
413	414	0	0	0		64450	2	1	1	1	0	0	1	0			0	0	0	0	64450	1	187.175.33.11	dsl-187-175-33-11-dyn.prod-infinitum.com.mx	0	1970-01-01	46	2014-10-31
414	415	0	36.98	40		201600	2	2	6	1	13	47	1	0			102	78591.96	0	0	280191.96	1	187.175.62.45	dsl-187-175-62-45-dyn.prod-infinitum.com.mx	0	1970-01-01	46	2014-11-02
415	416	0	213.11	200		127484.28	2	1	1	1	0	0	1	0			0	0	0	0	127484.28	1	189.133.111.60	dsl-189-133-111-60-dyn.prod-infinitum.com.mx	0	1970-01-01	52	2014-11-03
416	417	0	0	0		57600	2	1	1	1	0	0	1	0			0	0	0	0	57600	1	187.175.62.45	dsl-187-175-62-45-dyn.prod-infinitum.com.mx	0	1970-01-01	46	2014-11-03
417	418	0	0	0		30000	2	1	1	1	0	0	1	0			0	0	0	0	30000	1	189.236.227.133	dsl-189-236-227-133-dyn.prod-infinitum.com.mx	0	1970-01-01	46	2014-11-04
418	419	0	1122.07	1122		218139.24	2	2	6	1	40	20	1	0			130.66	218068.27	0	0	436207.51	1	189.236.228.91	dsl-189-236-228-91-dyn.prod-infinitum.com.mx	0	1970-01-01	46	2014-11-04
419	420	0	6198.64	6199		730744.27	2	1	1	1	0	0	1	0			300	1192125	0	0	1922869.27	1	189.133.80.235	dsl-189-133-80-235-dyn.prod-infinitum.com.mx	0	1970-01-01	41	2014-11-05
420	421	0	0	0		53700	2	1	1	1	0	0	1	0			0	0	0	0	53700	1	189.236.228.91	dsl-189-236-228-91-dyn.prod-infinitum.com.mx	0	1970-01-01	46	2014-11-05
421	422	0	0	0		127750	2	1	1	1	0	0	1	0			0	0	0	0	127750	1	189.236.228.91	dsl-189-236-228-91-dyn.prod-infinitum.com.mx	0	1970-01-01	46	2014-11-05
422	423	0	0	0		146392	2	1	1	1	0	0	1	0			0	0	0	0	146392	1	189.236.228.91	dsl-189-236-228-91-dyn.prod-infinitum.com.mx	0	1970-01-01	46	2014-11-05
423	424	0	2900	2900		115768	2	2	6	1	27	33	1	0			29.19	23046.89	0	0	138814.89	1	189.236.228.91	dsl-189-236-228-91-dyn.prod-infinitum.com.mx	0	1970-01-01	46	2014-11-05
424	425	0	4088.32	4088		0	2	1	1	1	40	0	1	0			0	0	0	0	0	1	189.133.111.60	dsl-189-133-111-60-dyn.prod-infinitum.com.mx	0	1970-01-01	52	2014-11-07
425	426	0	446.51	400		249480	2	1	1	1	0	0	1	0			0	0	0	0	249480	1	187.175.67.30	dsl-187-175-67-30-dyn.prod-infinitum.com.mx	0	1970-01-01	46	2014-11-10
426	427	0	0	0		79557	2	1	1	1	0	0	1	0			0	0	0	0	79557	1	189.236.201.80	dsl-189-236-201-80-dyn.prod-infinitum.com.mx	0	1970-01-01	46	2014-11-10
427	428	0	354.33	400		177080	2	1	1	1	0	0	1	0			0	0	0	0	177080	1	189.133.80.235	dsl-189-133-80-235-dyn.prod-infinitum.com.mx	0	1970-01-01	41	2014-11-13
428	429	0	200	200		55714	2	2	5	1	29	31	1	0			96.04	78618.94	0	0	134332.94	1	187.175.68.25	dsl-187-175-68-25-dyn.prod-infinitum.com.mx	0	1970-01-01	46	2014-11-11
429	430	0	0	0		47180	2	1	1	1	0	0	1	0			0	0	0	0	47180	1	187.175.68.25	dsl-187-175-68-25-dyn.prod-infinitum.com.mx	0	1970-01-01	46	2014-11-11
430	431	0	183.67	200		151704	2	1	1	1	0	0	1	0			0	0	0	0	151704	1	189.236.229.11	dsl-189-236-229-11-dyn.prod-infinitum.com.mx	0	1970-01-01	46	2014-11-12
431	432	0	4926.05	4926		985200	2	1	1	1	0	0	1	0			0	0	0	0	985200	1	189.133.110.37	dsl-189-133-110-37-dyn.prod-infinitum.com.mx	0	1970-01-01	41	2014-11-25
432	433	0	0	0		55900	2	1	1	1	0	0	1	0			0	0	0	0	55900	1	189.236.229.11	dsl-189-236-229-11-dyn.prod-infinitum.com.mx	0	1970-01-01	46	2014-11-12
433	434	0	0	0		129076.5	2	1	1	1	0	0	1	0			0	0	0	0	129076.5	1	189.236.229.11	dsl-189-236-229-11-dyn.prod-infinitum.com.mx	0	1970-01-01	46	2014-11-12
434	435	0	0	0		68300	2	1	1	1	0	0	1	0			0	0	0	0	68300	1	189.236.229.11	dsl-189-236-229-11-dyn.prod-infinitum.com.mx	0	1970-01-01	46	2014-11-12
435	436	0	0	0		67000	2	1	1	1	0	0	1	0			0	0	0	0	67000	1	189.236.229.11	dsl-189-236-229-11-dyn.prod-infinitum.com.mx	0	1970-01-01	46	2014-11-12
436	437	0	489.19	500		60000	2	2	6	1	0	60	2	0			142.2	426600	0	0	486600	1	189.236.202.152	dsl-189-236-202-152-dyn.prod-infinitum.com.mx	0	1970-01-01	46	2014-12-01
437	438	0	5.47	5		195250	2	1	1	1	0	0	1	0			0	0	0	0	195250	1	187.175.33.23	dsl-187-175-33-23-dyn.prod-infinitum.com.mx	0	1970-01-01	46	2014-11-17
438	439	0	955.88	1000		390000	2	1	1	1	0	0	1	0			0	0	0	0	390000	1	187.175.33.23	dsl-187-175-33-23-dyn.prod-infinitum.com.mx	0	1970-01-01	46	2014-11-17
439	440	0	593.37	600		170352	2	1	1	1	0	0	1	0			0	0	0	0	170352	1	187.175.33.173	dsl-187-175-33-173-dyn.prod-infinitum.com.mx	0	1970-01-01	46	2014-11-17
440	441	0	0	0		136838.16	2	1	1	1	0	0	1	0			0	0	0	0	136838.16	1	189.236.229.59	dsl-189-236-229-59-dyn.prod-infinitum.com.mx	0	1970-01-01	46	2014-11-19
441	442	0	437.05	400		172000	2	2	6	1	15	45	2	0			266.78	700487.16	0	0	872487.16	1	189.236.225.217	dsl-189-236-225-217-dyn.prod-infinitum.com.mx	0	1970-01-01	46	2014-12-11
442	443	0	1010.92	1011		92799.69	2	2	6	1	7	53	2	0			155.62	342875.14	0	0	435674.83	1	189.236.200.11	dsl-189-236-200-11-dyn.prod-infinitum.com.mx	0	1970-01-01	46	2014-12-04
443	444	0	3016.22	3016		506929.28	2	2	6	1	69	4	1	0			94.8	88886.79	0	0	595816.07	1	187.175.33.53	dsl-187-175-33-53-dyn.prod-infinitum.com.mx	0	1970-01-01	46	2014-11-23
444	445	0	360.64	400		238564	2	5	6	1	1	59	2	0			97.77	196240.28	0	0	434804.28	1	189.243.88.91	dsl-189-243-88-91-dyn.prod-infinitum.com.mx	0	1970-01-01	46	2014-12-01
445	446	0	0	0		67650	2	2	5	1	5	45	1	0			112.94	81155.44	0	0	148805.44	1	187.175.32.250	dsl-187-175-32-250-dyn.prod-infinitum.com.mx	0	1970-01-01	46	2014-11-26
446	447	0	0	0		80750	2	1	1	1	0	0	1	0			0	0	0	0	80750	1	187.175.32.250	dsl-187-175-32-250-dyn.prod-infinitum.com.mx	0	1970-01-01	46	2014-11-26
447	448	0	785.68	800		378000	2	2	6	1	62	1	1	0			44.64	22711.37	0	0	400711.37	1	187.175.70.55	dsl-187-175-70-55-dyn.prod-infinitum.com.mx	0	1970-01-01	46	2014-11-26
448	449	0	0	0		59400	2	1	1	1	0	0	1	0			0	0	0	0	59400	1	187.175.70.55	dsl-187-175-70-55-dyn.prod-infinitum.com.mx	0	1970-01-01	46	2014-11-27
449	450	0	0	0		91400	2	1	1	1	0	0	1	0			0	0	0	0	91400	1	187.175.70.55	dsl-187-175-70-55-dyn.prod-infinitum.com.mx	0	1970-01-01	46	2014-11-27
450	451	0	16.05	20		200000	2	1	1	1	0	0	1	0			0	0	0	0	200000	1	187.175.70.55	dsl-187-175-70-55-dyn.prod-infinitum.com.mx	0	1970-01-01	46	2014-11-27
451	452	0	51.67	50		107650	2	2	6	1	10	50	2	0			230.57	389514.87	0	0	497164.87	1	187.175.70.55	dsl-187-175-70-55-dyn.prod-infinitum.com.mx	0	1970-01-01	46	2014-11-27
452	453	0	440.64	400		104000	2	2	6	1	21	39	2	0			169	400999.87	0	0	504999.87	1	187.175.34.7	dsl-187-175-34-7-dyn.prod-infinitum.com.mx	0	1970-01-01	46	2014-12-25
453	454	0	526.69	500		57410	2	2	6	1	10	50	2	0			103.64	208611.77	0	0	266021.77	1	187.175.70.55	dsl-187-175-70-55-dyn.prod-infinitum.com.mx	0	1970-01-01	46	2014-11-27
454	455	0	136.09	100		21570	2	1	1	1	0	0	1	0			0	0	0	0	21570	1	187.175.70.55	dsl-187-175-70-55-dyn.prod-infinitum.com.mx	0	1970-01-01	46	2014-11-27
455	456	0	124.38	100		33677	2	1	1	1	0	0	1	0			0	0	0	0	33677	1	187.175.70.55	dsl-187-175-70-55-dyn.prod-infinitum.com.mx	0	1970-01-01	46	2014-11-28
456	457	0	622.98	600		67008	2	1	1	1	0	0	1	0			182.56	739368	0	0	806376	1	189.133.110.37	dsl-189-133-110-37-dyn.prod-infinitum.com.mx	0	1970-01-01	41	2014-11-28
457	458	0	0	0		149146.2	2	1	1	1	0	0	1	0			0	0	0	0	149146.2	1	187.175.69.229	dsl-187-175-69-229-dyn.prod-infinitum.com.mx	0	1970-01-01	46	2014-11-29
458	459	0	2044.07	2044		1055814.91	2	2	6	1	5	55	1	0			106.27	74737.83	0	0	1130552.74	1	187.175.59.61	dsl-187-175-59-61-dyn.prod-infinitum.com.mx	0	1970-01-01	46	2014-11-30
459	460	0	2013.32	2013		586689.86	2	2	6	1	5	55	1	0			93.36	71367.89	0	0	658057.75	1	187.175.1.164	dsl-187-175-1-164-dyn.prod-infinitum.com.mx	0	1970-01-01	46	2014-11-30
460	461	0	2040.71	2041		1307938.11	2	2	6	1	5	55	1	0			101.73	77766.23	0	0	1385704.34	1	187.175.1.164	dsl-187-175-1-164-dyn.prod-infinitum.com.mx	0	1970-01-01	46	2014-11-30
461	462	0	123.87	100		180000	2	1	1	1	0	0	1	0			0	0	0	0	180000	1	187.175.1.164	dsl-187-175-1-164-dyn.prod-infinitum.com.mx	0	1970-01-01	46	2014-11-30
462	463	0	2050.19	2050		182819	2	2	6	1	28	32	3	0			258	551132.51	0	0	733951.51	1	189.236.200.13	dsl-189-236-200-13-dyn.prod-infinitum.com.mx	0	1970-01-01	46	2014-12-01
463	464	0	367.64	400		386556	2	5	6	1	1	59	2	0			104.45	209648.12	0	0	596204.12	1	189.243.88.91	dsl-189-243-88-91-dyn.prod-infinitum.com.mx	0	1970-01-01	46	2014-12-01
464	465	0	464.39	500		131375	2	1	1	1	0	0	1	0			0	0	0	0	131375	1	187.175.35.180	dsl-187-175-35-180-dyn.prod-infinitum.com.mx	0	1970-01-01	46	2014-12-15
465	466	0	0	0		132642.5	2	1	1	1	0	0	1	0			0	0	0	0	132642.5	1	189.243.88.194	dsl-189-243-88-194-dyn.prod-infinitum.com.mx	0	1970-01-01	46	2014-12-03
466	467	0	0	0		26690	2	1	1	1	0	0	1	0			0	0	0	0	26690	1	189.243.88.194	dsl-189-243-88-194-dyn.prod-infinitum.com.mx	0	1970-01-01	46	2014-12-03
467	468	0	0	0		51380	2	1	1	1	0	0	1	0			0	0	0	0	51380	1	189.243.88.194	dsl-189-243-88-194-dyn.prod-infinitum.com.mx	0	1970-01-01	46	2014-12-03
468	469	0	0	0		43608	2	1	1	1	0	0	1	0			0	0	0	0	43608	1	189.243.88.194	dsl-189-243-88-194-dyn.prod-infinitum.com.mx	0	1970-01-01	46	2014-12-03
469	470	0	0	0		26606	2	1	1	1	0	0	1	0			0	0	0	0	26606	1	189.243.88.194	dsl-189-243-88-194-dyn.prod-infinitum.com.mx	0	1970-01-01	46	2014-12-03
470	471	0	0	0		100195	2	1	1	1	0	0	1	0			0	0	0	0	100195	1	189.243.88.194	dsl-189-243-88-194-dyn.prod-infinitum.com.mx	0	1970-01-01	46	2014-12-03
471	472	0	0	0		498295	2	1	1	1	0	0	1	0			0	0	0	0	498295	1	187.175.0.81	dsl-187-175-0-81-dyn.prod-infinitum.com.mx	0	1970-01-01	46	2014-12-13
472	473	0	2002.66	2003		181071.2	2	5	6	1	27	33	1	0			29.19	29631.72	0	0	210702.92	1	189.236.200.11	dsl-189-236-200-11-dyn.prod-infinitum.com.mx	0	1970-01-01	46	2014-12-04
473	474	0	508.84	500		268810	1	5	15	1	3	57	2	0			1050	4189065.15	0	0	4457875.15	1	189.236.200.11	dsl-189-236-200-11-dyn.prod-infinitum.com.mx	0	1970-01-01	46	2014-12-04
474	475	0	1045.11	1045		109725	1	2	3	1	6	54	1	0			47.65	232587.81	0	0	342312.81	1	189.236.200.11	dsl-189-236-200-11-dyn.prod-infinitum.com.mx	0	1970-01-01	46	2014-12-04
475	476	0	1045.11	1045		109725	1	2	2	1	6	54	1	0			47.65	232587.81	0	0	342312.81	1	189.236.200.11	dsl-189-236-200-11-dyn.prod-infinitum.com.mx	0	1970-01-01	46	2014-12-04
476	477	0	98.42	100		1494192	2	1	1	1	0	0	1	0			0	0	0	0	1494192	1	189.236.200.11	dsl-189-236-200-11-dyn.prod-infinitum.com.mx	0	1970-01-01	46	2014-12-04
477	478	0	106.53	100		728517	2	1	1	1	0	0	1	0			0	0	0	0	728517	1	189.236.200.11	dsl-189-236-200-11-dyn.prod-infinitum.com.mx	0	1970-01-01	46	2014-12-04
478	479	0	1.79	2		1800000	2	1	1	1	0	0	1	0			0	0	0	0	1800000	1	189.236.200.11	dsl-189-236-200-11-dyn.prod-infinitum.com.mx	0	1970-01-01	46	2014-12-04
479	480	0	29.49	30		851655	2	1	1	1	0	0	1	0			0	0	0	0	851655	1	189.236.200.11	dsl-189-236-200-11-dyn.prod-infinitum.com.mx	0	1970-01-01	46	2014-12-04
480	481	0	3002.05	3002		674639.46	2	2	6	1	46	14	1	0			96	100398.6	0	0	775038.06	1	187.175.68.14	dsl-187-175-68-14-dyn.prod-infinitum.com.mx	0	1970-01-01	46	2014-12-06
481	482	0	0	0		130530	2	1	1	1	0	0	1	0			0	0	0	0	130530	1	187.175.68.14	dsl-187-175-68-14-dyn.prod-infinitum.com.mx	0	1970-01-01	46	2014-12-06
482	483	0	0	0		21400	2	1	1	1	0	0	1	0			0	0	0	0	21400	1	187.175.68.14	dsl-187-175-68-14-dyn.prod-infinitum.com.mx	0	1970-01-01	46	2014-12-06
483	484	0	0	0		94410	2	1	1	1	0	0	1	0			0	0	0	0	94410	1	187.175.68.14	dsl-187-175-68-14-dyn.prod-infinitum.com.mx	0	1970-01-01	46	2014-12-06
484	485	0	0	0		131250	2	1	1	1	0	0	1	0			0	0	0	0	131250	1	187.175.68.14	dsl-187-175-68-14-dyn.prod-infinitum.com.mx	0	1970-01-01	46	2014-12-06
485	486	0	222.71	200		206860	2	2	6	1	14	46	1	0			63	86200.51	0	0	293060.51	1	189.243.88.59	dsl-189-243-88-59-dyn.prod-infinitum.com.mx	0	1970-01-01	46	2014-12-24
486	487	0	10.11	10		247480	2	1	1	1	0	0	1	0			0	0	0	0	247480	1	189.236.230.200	dsl-189-236-230-200-dyn.prod-infinitum.com.mx	0	1970-01-01	46	2014-12-08
487	488	0	7.22	7		154918.75	2	1	1	1	0	0	1	0			0	0	0	0	154918.75	1	187.175.7.114	dsl-187-175-7-114-dyn.prod-infinitum.com.mx	0	1970-01-01	46	2014-12-29
488	489	0	0	0		50135.92	2	1	1	1	0	0	1	0			0	0	0	0	50135.92	1	189.236.230.200	dsl-189-236-230-200-dyn.prod-infinitum.com.mx	0	1970-01-01	46	2014-12-08
489	490	0	165.73	200		688258	2	1	1	1	0	0	1	0			0	0	0	0	688258	1	189.133.116.175	dsl-189-133-116-175-dyn.prod-infinitum.com.mx	0	1970-01-01	41	2014-12-11
490	491	0	123.36	100		475000	2	1	1	1	0	0	1	0			108.5	156782.5	0	0	631782.5	1	189.133.116.175	dsl-189-133-116-175-dyn.prod-infinitum.com.mx	0	1970-01-01	41	2014-12-12
491	492	0	3397.53	3398		295965.8	2	1	1	1	0	0	1	0			0	0	0	0	295965.8	1	189.133.83.237	dsl-189-133-83-237-dyn.prod-infinitum.com.mx	0	1970-01-01	41	2014-12-22
492	493	0	12.25	10		20000000	2	1	1	1	0	0	1	0			0	0	0	0	20000000	1	189.133.83.237	dsl-189-133-83-237-dyn.prod-infinitum.com.mx	0	1970-01-01	41	2014-12-18
493	494	0	0	0		52695	2	1	1	1	0	0	1	0			0	0	0	0	52695	1	187.175.35.180	dsl-187-175-35-180-dyn.prod-infinitum.com.mx	0	1970-01-01	46	2014-12-15
494	495	0	0	0		73600	2	1	1	1	0	0	1	0			0	0	0	0	73600	1	187.175.35.180	dsl-187-175-35-180-dyn.prod-infinitum.com.mx	0	1970-01-01	46	2014-12-16
495	496	0	113.18	100		188580	2	1	1	1	0	0	1	0			0	0	0	0	188580	1	187.175.57.94	dsl-187-175-57-94-dyn.prod-infinitum.com.mx	0	1970-01-01	46	2014-12-17
496	497	0	966.36	1000		105000	2	2	6	1	1	59	2	0			187.7	469538.59	0	0	574538.59	1	189.236.202.15	dsl-189-236-202-15-dyn.prod-infinitum.com.mx	0	1970-01-01	46	2014-12-16
497	498	0	0	0		32500	2	1	1	1	0	0	1	0			0	0	0	0	32500	1	187.175.68.180	dsl-187-175-68-180-dyn.prod-infinitum.com.mx	0	1970-01-01	46	2014-12-17
498	499	0	0	0		149217	2	1	1	1	0	0	1	0			0	0	0	0	149217	1	189.243.90.67	dsl-189-243-90-67-dyn.prod-infinitum.com.mx	0	1970-01-01	46	2014-12-17
499	500	0	0	0		48000	2	1	1	1	0	0	1	0			0	0	0	0	48000	1	189.236.227.193	dsl-189-236-227-193-dyn.prod-infinitum.com.mx	0	1970-01-01	46	2014-12-18
500	501	0	6482.42	6482		1796810.4	2	1	1	1	10	0	1	0			756.77	3677902.2	287780.17	0	5762492.77	1	189.133.83.237	dsl-189-133-83-237-dyn.prod-infinitum.com.mx	0	1970-01-01	41	2014-12-18
501	502	0	649.48	600		64158	2	1	1	1	0	0	1	0			0	0	0	0	64158	1	189.133.83.237	dsl-189-133-83-237-dyn.prod-infinitum.com.mx	0	1970-01-01	41	2014-12-20
502	503	0	0	0		130740	2	1	1	1	0	0	1	0			0	0	0	0	130740	1	187.175.60.6	dsl-187-175-60-6-dyn.prod-infinitum.com.mx	0	1970-01-01	46	2014-12-20
503	504	0	0	0		705891.59	2	1	1	1	0	0	1	0			0	0	0	0	705891.59	1	187.175.60.6	dsl-187-175-60-6-dyn.prod-infinitum.com.mx	0	1970-01-01	46	2014-12-20
504	505	0	151.09	200		129896	1	1	1	1	0	0	0	0			0	0	0	0	129896	1			0	1970-01-01	0	1970-01-01
505	506	0	355.43	400		3999980	2	1	1	1	0	0	1	0			0	0	0	0	3999980	1	189.133.119.215	dsl-189-133-119-215-dyn.prod-infinitum.com.mx	0	1970-01-01	41	2015-01-03
506	507	0	300	300		44499	2	2	6	1	22	30	1	0			102.38	71763.64	0	0	116262.64	1	187.175.39.177	dsl-187-175-39-177-dyn.prod-infinitum.com.mx	0	1970-01-01	46	2015-01-04
507	508	0	0	0		74100	2	1	1	1	0	0	1	0			0	0	0	0	74100	1	187.175.39.177	dsl-187-175-39-177-dyn.prod-infinitum.com.mx	0	1970-01-01	46	2015-01-04
508	509	0	963.46	1000		745680	2	2	6	1	24	36	1	0			134.2	87287.71	0	0	832967.71	1	187.175.39.177	dsl-187-175-39-177-dyn.prod-infinitum.com.mx	0	1970-01-01	46	2015-01-04